AL, M2 Digital Marketing , "Po Box 12 Valley Head, AL 35989"
AL, JANGLES DIGITAL���� DESIGN™• NEW WORLD����ONLINE INC™ , "12101 Tom Montgomery Rd Northport, AL 35473"
AL, Local Digital Advertising Inc , "139 Cox Creek Pkwy S Florence, AL 35630"
AL, Postmark Ink , "755 Middle St Fairhope, AL 36532"
AL, Out There Creative , "2204 1st Ave S Birmingham, AL 35233"
AK, Date-Line Digital Printing , "3677 College Rd Ste 2 Fairbanks, AK 99709", jobs@datelinedigital.com
AR, Blue World Solution - Digital Marketing Agency , "1901 SW Hazeltine Ln #14 Bentonville, AR 72712"
AR, Rock City Digital , "127 Audubon Dr # 140 Maumelle, AR 72113", hello@rockcitydigital.com
AR, Tactive Digital - NWA , "609 W Dickson St, 3rd Floor Fayetteville, AR 72701", aashley@tactivedigital.com
AR, Buzz Digital & Design , "2874 W Lakewood Dr Fayetteville, AR 72704"
AR, Rock City Digital , "915 E 9th St Ste B Little Rock, AR 72202", hello@rockcitydigital.com
AR, Ad Craft Of Arkansas Inc , "1122 W 3rd St Little Rock, AR 72201"
AR, FP Social Media , " Jonesboro, AR 72401"
AZ, Agency SMO Digital Marketing , "7900 E Greenway Rd Ste 114b Scottsdale, AZ 85260"
AZ, Scottsdale Digital Agency , "7502 E Thomas Rd Unit 102 Scottsdale, AZ 85251"
AZ, Helix House Digital Advertising Agency , "4110 N Scottsdale Rd Scottsdale, AZ 85251", info@example.com, success@helixhouse.com
AZ, Digital Sketch Promotions , "2151 E Southern Ave Mesa, AZ 85204", sales@digitalsketch.com
AZ, Boyd Digital Media , "153 W Ridgeview Trl Casa Grande, AZ 85122"
AZ, Automotive Digital Marketing , "70 S Val Vista Dr Ste A3-471 Gilbert, AZ 85296", autodigitalmarketing@gmail.com
AZ, Foresold Digital Marketing , "404 S Mill Ave Tempe, AZ 85281"
AZ, PM Digital , "15333 N Pima Rd Ste 170 Scottsdale, AZ 85260", scottsdale@pmdigital.com, info@cactusmailing.com
AZ, G/O Digital , "200 E Van Buren St Phoenix, AZ 85004", mperrone@godigitalmarketing.com, insights@godigitalmarketing.com
AZ, Digital Current , "1001 W Southern Ave Mesa, AZ 85210", hello@digitalcurrent.com
AZ, Zip Digital Media , "15965 E Jericho Dr Fountain Hills, AZ 85268", info@zipdigitalmedia.com
AZ, Digital Heretix , "9171 E Bell Rd Ste 101 Scottsdale, AZ 85260"
AZ, Catalyze Digital , "15560 N Frank Lloyd Wright Blvd Scottsdale, AZ 85260", info@catalyzedigital.com
AZ, ZOG Digital , "11201 N Tatum Blvd Ste 200 Phoenix, AZ 85028", biz@zogdigital.com
AZ, Digital Vision , "4645 N 12th St Ste 201 Phoenix, AZ 85014"
AZ, Aftershock Digital , "209 E Baseline Rd Tempe, AZ 85283", josh@aftershockenterprises.com
AZ, Valley Digital Marketing , "Po Box 1653 Tempe, AZ 85280", chris.castro@valleydigitalmarketing.com
AZ, Zip Digital Media , " Fountain Hills, AZ 85268"
AZ, Cactus Cow Digital , "1 E Washington St Ste 500 Phoenix, AZ 85004"
CA, Digital Agency Group , "11965 Venice Blvd Los Angeles, CA 90066"
CA, Digital Talent Agency , "1300 Bristol St N Newport Beach, CA 92660"
CA, Digital Artists Agency , "13323 W Washington Blvd Los Angeles, CA 90066", bcoleman@d-a-a.com
CA, Slot Right Digital Agency , "533 2nd St Ste B Encinitas, CA 92024"
CA, Digital Artist's Agency , "2131 Century Park Ln Apt 313 Los Angeles, CA 90067"
CA, IM Republic - Digital Advertising Agency , "3823 18th St Apt 4 San Francisco, CA 94114", info@imrepublic.com
CA, Look And Sound Digital Agency , "13437 Ventura Blvd Sherman Oaks, CA 91423"
CA, Vokent Creative Digital Agency , "2433 Main St Santa Monica, CA 90405"
CA, Flash Digital Agency , "8549 Wilshire Blvd suite 426 Beverly Hills, CA 90211"
CA, San Francisco Digital Agency , "3781 Cesar Chavez San Francisco, CA 94110", myles@sfdig.com
CA, Digital Reach Agency , "1829 Lombard St San Francisco, CA 94123", Andrew@DigitalReachAgency.com
CA, 121 - Digital Production Agency , " Los Angeles, CA 90046", info@one20one.com
CA, Digital Funding Agency , "831 Kalpati Cir Apt A Carlsbad, CA 92008"
CA, Model Digital Agency , "16530 Bake Pkwy Irvine, CA 92618"
CA, 8 Digital Marketing Agency , "15000 Downey ave Paramount, CA 90723"
CA, Roi Digital Agency , "9362 Coachman Ave Whittier, CA 90605"
CA, Him Digital Video Agency , "453 Vista De La Playa Ln Santa Barbara, CA 93109", eric@internetmarketingsb.com
CA, Beattie Cole Digital Marketing Agency , "1428 Echo Park Ave Los Angeles, CA 90026", hello@beattiecole.com
CA, Smart Vizio Los Angeles SEO and Digital Marketing Agency , "6110 Nevada Ave Apt 213 Woodland Hills, CA 91367"
CA, Bright Age Digital Creative Agency , "22220 Gilmore St Woodland Hills, CA 91303", adam@brightage.com
CA, KRSP A Digital Agency , "3420 S Sepulveda Blvd Los Angeles, CA 90034"
CA, V Digital Agency , "6600 W Sunset Blvd Los Angeles, CA 90028"
CA, 99 Neighbors - Digital Marketing Agency , "550 West B Street, 4th Floor San Diego, CA 92101", info@99neighbors.com, leads@99neighbors.com, tkpitts@99neighbors.com
CA, Agency Alliance Sure Fire Digital Media , "3525 Crosby Herold Rd Lincoln, CA 95648"
CA, CDM Digital , " Van Nuys, CA 91406", info@cdm-digital.com
CA, Digital Owl Group , "2271 W Malvern Ave. Unit 272 Fullerton, CA 92833", info@digitalowlgroup.com
CA, Blue Fox Digital Marketing , "23942 Lyons Ave Newhall, CA 91321", danny@bluefoxl.marketing
CA, Sunset Digital Video Inc - CLOSED , "13405 Inglewood Ave Hawthorne, CA 90250"
CA, Digital Generation Systems , "77 Ofarrell St San Francisco, CA 94108"
CA, Digital Print & Design , "3851 Morrow Ln Ste 1 Chico, CA 95928", dpdinfo@att.net
CA, Digital Outpost , "2772 Loker Ave W Carlsbad, CA 92010", sales@dop.com, Regina_Delgado@dop.com
CA, Donor Digital , "182 2nd St San Francisco, CA 94105", jobs@donordigital.com
CA, Frame by Frame Digital , "9938 Granite Park Ct Roseville, CA 95746"
CA, Digital Tractor , "1700 L St Sacramento, CA 95811"
CA, Arylee Digital Inc , "1515 Black Walnut Dr San Marcos, CA 92078"
CA, PRx Digital , "991 W Hedding St Ste 201 San Jose, CA 95126", results@prxinc.com
CA, Advance Digital Svc Inc , "948 N Cahuenga Blvd Los Angeles, CA 90038", sales@adshollywood.com
CA, Fireworx Digital Marketing , "27721 La Paz Rd Laguna Niguel, CA 92677", paul@fireworxdigital.com
CA, Digital Advertising Systems , "15025 Whittier Blvd Whittier, CA 90603"
CA, Synaptic Digital , "6404 Wilshire Blvd Los Angeles, CA 90048", learnmore@synapticdigital.com
CA, Scorpion Digital International , " Chino Hills, CA 91709", info@scorpiondigital.com
CA, Nu Digital Media , "3550 Watt Ave Sacramento, CA 95821"
CA, Digital Eye , "25151 Arctic Ocean Dr Lake Forest, CA 92630"
CA, Synaptic Digital , "8 California St San Francisco, CA 94111", kark_maxfield@prostaff.com
CA, Faultline Digital , "601 Quigg Way Boulder Creek, CA 95006"
CA, Orbit Digital Marketing , "10 Universal City Plz Universal City, CA 91608"
CA,  Digital , "3500 W Olive Ave Ste 700 Burbank, CA 91505"
CA, Tandem Digital , "23938 Ventura Blvd Calabasas, CA 91302"
CA, Rapid Eye Digital , "440 Green St San Francisco, CA 94133"
CA, Ubu Digital Corporation , "1062 Folsom St San Francisco, CA 94103"
CA, Digital Display Networks , "12910 Culver Blvd Ste H Los Angeles, CA 90066"
CA, Nu Digital Media Group , "950 Reserve Dr Ste 100 Roseville, CA 95678"
CA, Digital Adventure , "1603 California Ave Ste 133 Bakersfield, CA 93304"
CA, Digital Eye Media , "3132 Airway Ave Costa Mesa, CA 92626", sales@digitaleyemedia.com
CA, Just Digital Media , "5663 Balboa Avenue, #507 San DIego, CA 92111", info@JustDigitalMedia.com
CA, Gunshot Digital , "327 Coleridge St San Francisco, CA 94110"
CA, Prehistoric Digital , "2043 Colorado Ave Santa Monica, CA 90404"
CA, JoLi DIGITAL , "7257 Myrtle Ave Winton, CA 95388", nschindler@jolidigital.com
CA, Digital Printing Connection , "8032 Mermaid Cir Huntington Beach, CA 92646"
CA, Model Digital Svc , "16350 Bake Pkwy Irvine, CA 92618", info@getmodal.com
CA, Frank Digital Communication , "108 W Jones St Santa Maria, CA 93458"
CA, Brand Force Digital , "37382 Harvest Dr Murrieta, CA 92563"
CA, Rhino Digital Media, Inc. , "5980 Stoneridge Dr Ste 107 Pleasanton, CA 94588"
CA, Direct Digital Video , "6054 Caminito De La Taza San Diego, CA 92120"
CA, Common Thread Digital , "931 Cheltenham Rd Santa Barbara, CA 93105", hrosas@commonthreaddigital.com
CA, Boulevard Digital Marketing, Inc. , " Seal Beach, CA 90740", ron@boulevarddm.com
CA, 3q Digital , "624 Broadway San Diego, CA 92101"
CA, Pemberley Digital , "1728 Olympic Blvd Santa Monica, CA 90404"
CA, Navazon Digital , "9310 Topanga Canyon Blvd Ste 100b Chatsworth, CA 91311"
CA, Amplitude Digital Inc , "3415 S Sepulveda Blvd Ste 1157, 11th Floor Los Angeles, CA 90034", hello@amplitudeagency.com
CA, Tribune Digital Ventures , "2000 University Ave East Palo Alto, CA 94303"
CA, Digital Performance Marketing Group - CLOSED , "110 El Paseo Santa Barbara, CA 93101", expert@digitalpmg.com
CA, JAD Digital Marketing , " Campbell, CA 95008"
CA, PM Digital , "582 Market St Ste 608 San Francisco, CA 94104", info@pmdigital.com, sanfrancisco@pmdigital.com
CA, Turnpike Digital , " Mill Valley, CA 94942"
CA, Digital Air Strike Inc , "2001 Gateway Pl San Jose, CA 95110"
CA, Digital Celebrity , "548 Market St San Francisco, CA 94104"
CA, Digital Cinema Distribution , "1840 Century Park E Los Angeles, CA 90067"
CA, Apex Digital Media , "14737 Oxnard St Van Nuys, CA 91411", info@apexdigitalmedia.com
CA, Luz Digital Designs , " Los Angeles, CA 90036"
CA, A Rank Above - Digital Marketing Services , "4475 Mission Blvd Ste 211 San Diego, CA 92109", chrispowell@arankabove.com
CA, APC Digital Media , "2244 Oak Grove Rd Unit 3546 Walnut Creek, CA 94598", info@apcdigitalmedia.com
CA, Digital Advertising Consultant , "201 Mission St San Francisco, CA 94105", Mblakely@yp.com
CA, Tower33 Digital, Inc. , "466 N Coast Highway 101 Ste 3 Encinitas, CA 92024", info@tower33digital.com, marketing@tower33digital.com
CA, Digital Beacon, LLC , "10815 Rancho Bernardo Rd San Diego, CA 92127", marko@digital-beacon.com
CA, Sames Digital Marketing , "4460 Redwood Hwy Ste 16 San Rafael, CA 94903", mboggeri@boggeri.com
CA, BTP Digital Group , "911 Capitol Expressway Auto Mall San Jose, CA 95136"
CA, On The Mark Digital , "703 2nd St Santa Rosa, CA 95404", support@onthemarkdigital.com
CA, Bask Digital Media , "225 Broadway San Diego, CA 92101", hello@baskdigital.com
CA, EPath Digital , "31642 Coast Hwy Ste 102 Laguna Beach, CA 92651", info@epathdigital.com
CA, 3q Digital Inc , "155 Bovet Rd San Mateo, CA 94402"
CA, Deluxe Technicolor Digital Cinema , "300 S Flower St Burbank, CA 91502"
CA, CRM Digital Marketing , "2205 Hilltop Dr # 5017 Redding, CA 96002"
CA, Latino Digital Solutions , " Mission Viejo, CA 92691", mikecano@latinodigitalsolutions.com
CA, Innovative Digital Technology , "1001 Bridgeway Sausalito, CA 94965"
CA, Digital Narrative , "2443 Fillmore St San Francisco, CA 94115", info@digitalnarrative.com
CA, Digital Payments Inc , "1316 Silver Hawk Way Chula Vista, CA 91915"
CA, Digital Eye Media , "3124 Corte Hermosa Newport Beach, CA 92660"
CA, America Digital Advertising , "45255 Fargo St Indio, CA 92201"
CA, Liftoff Digital , "811 El Capitan Way Ste 110 San Luis Obispo, CA 93401", hello@gainliftoff.com
CA, Kyle Gosselin Digital Marketing Services , "227 Loma Alta Dr Oceanside, CA 92054"
CA, Snapshot Digital Media , "151 N San Fernando Blvd Burbank, CA 91502"
CA, Baldyne Digital Marketing , "428 Vernon St Roseville, CA 95678"
CA, Altitude Digital , "156 2nd St San Francisco, CA 94105"
CA, Digital Medio , "28601 Los Alisos Blvd Mission Viejo, CA 92692"
CA, Blue Fusion Digital , "360 Mobil Ave Ste 102j Camarillo, CA 93010", support@bluefusiondigital.com
CA, Manatt Digital Media , "11355 W Olympic Blvd Los Angeles, CA 90064"
CA, Digital Management Inc , "121 Spear St San Francisco, CA 94105"
CA, Bay Area Digital Solutions , "4500 Harmony Pl Rohnert Park, CA 94928"
CA, Defy Digital Marketing , "2911 State St Ste M Carlsbad, CA 92008"
CA, Congruent Digital , "16821 Algonquin St Ste 107 Huntington Beach, CA 92649", info@congruentdigital.com
CA, Full Sail Digital , "1550 G. Tiburon Blvd. Tiburon, CA 94920", info@fullsaildigital.com
CA, Silicon Valley Creative Marketing And Digital Media , "1515 The Alameda San Jose, CA 95126"
CA, Digital Advertiser , "200 Spectrum Center Dr Ste 300-DA Irvine, CA 92618", info@digitaladvertiser.com
CA, Vinci Digital Marketing , "69 Carlton Dr Monterey, CA 93940", info@vincidigital.com
CA, Prevalent Digital Media , "542 S Barnett St Anaheim, CA 92805"
CA, iThink Digital Marketing Solutions , " Laguna Niguel, CA 92677", abby@ithinkdigitams.co
CA, Obscura Digital , "729 Tennessee St San Francisco, CA 94107"
CA, Deluxe Digital Studios , "2400 W Empire Ave Ste 200 Burbank, CA 91504"
CA, Mea Digital , "1111 6th Ave Fl 6 San Diego, CA 92101", lawsoe@cagallery.com
CA, Adroit Digital Solutions , "388 Market St San Francisco, CA 94111"
CA, Advetising Image Group , "3921 Wilshire Blvd Los Angeles, CA 90010", create@imagegroupcorp.com
CA, Signcomm , "3214 Beverly Blvd Los Angeles, CA 90057", signcom2000@yahoo.com
CA, Zebra Graphics , "1182 Folsom St San Francisco, CA 94103", bernard@zebra-graphics.com
CA, Snapfish , "303 2nd St San Francisco, CA 94107", Snapfish.service.2@hp.com, abuse@snapfish.com, jennifer.bond@hp.com, pauls@snapfish.com
CA, Sign Me Up , "2182 S El Camino Real Oceanside, CA 92054"
CA, Brand X Design , "PO Box 544 Redlands, CA 92373", scott@brandxdesign.com
CA, Printit Media , " Corona, CA 92882"
CA, Avozar Advertising , "1317 W 11th St Los Angeles, CA 90015", contact@avozar.com
CA, Copymat , "190 S Escondido Blvd Escondido, CA 92025", copymat@copymatonline.com
CA, Designory Inc , "211 E Ocean Blvd Long Beach, CA 90802"
CA, GrafekPrinting.com , "1457 E Philadelphia St Ste 1 Ontario, CA 91761", grafekprinting@gmail.com
CA, ThumbPrint , "480 E Easy St Ste 3 Simi Valley, CA 93065", info@thumbprintink.com
CA, Attention Getters Design , "1537 N Cuyamaca St El Cajon, CA 92020", tracey@attention-getters.com, keith@attention-getters.com, kevin@attention-getters.com
CA, Gotunionprinting.com , "6840 Vineland Ave North hollywood, CA 91605", Demetrius@harmanpress.com
CA, Acclaim Print & Copy Centers , "7106 Dublin Blvd Dublin, CA 94568"
CO, Citadel Digital Agency , "240 S Broadway Ste 207 Denver, CO 80209", justin@citadeldigital.com
CO, Sentinel Digital Agency , "734 S 7th St Grand Junction, CO 81501"
CO, Digital Thermal Graphics , "5371 Magnolia St Commerce City, CO 80022"
CO, Altitude Digital Partners , "1037 N Broadway Denver, CO 80203"
CO, Xylem Digital , "1480 N Humboldt St Denver, CO 80218", pgill@xylemdigital.com, info@lrxd.com
CO, Aitch Eye Digital , "2050 Union Dr Lakewood, CO 80215", we@aitcheye.com
CO, FiveFifty Digital Marketing , "3511 Ringsby Ct Unit 105 Denver, CO 80216"
CO, HIVE Digital Strategy , "8120 Sheridan Blvd Arvada, CO 80003", info@hivedigitalstrategy.com
CO, Squareknot Digital , "600 Weaver Park Rd Ste D Longmont, CO 80501", info@squareknotdigital.com
CO, Long Point Digital LLC , "305 Main St # 107 Palisade, CO 81526", stan@longpointdigital.com
CO, Erickson Digital , "5994 S Holly St # 235 Greenwood Village, CO 80111", berickson@ericksondigital.com
CO, Direct Digital Solutions , "1760 Gaylord St Denver, CO 80206"
CO, Digital Consulting Inc , "3507 Ringsby Ct Unit 103 Denver, CO 80216"
CO, Mammoth Digital , "3001 Brighton Blvd Ste 416 Denver, CO 80216", liz@mammothdigital.com
CO, Epiphany Digital , "3461 Ringsby Ct Denver, CO 80216"
CO, Digital 303 , "3222 E 1st Ave Apt 916 Denver, CO 80206", info@digital303.com
CO, Skylarq Digital , "11001 W 120th Ave Ste 400 Broomfield, CO 80021", makeithappen@skylarq.com, operations@skylarq.com, hello@skylarq.com
CO, Digital Epidemic , "376 Audrey Dr Loveland, CO 80537", levi@digitalepidemic.com
CO, Digital First Marketing , "1501 S Humboldt St Denver, CO 80210", info@digitalfirstmarketing.net
CO, Stratex Digital Marketing , "3461 Ringsby Ct Ste 435 Denver, CO 80216", info@stratexdigitalmarketing.com
CO, Greenbaum Digital , "201 Milwaukee St Ste 200 Denver, CO 80206", adam@greenbaumdigital.com
CO, Datalab Digital Advertising , "12303 Airport Way Broomfield, CO 80021"
CO, Erickson Digital , "9200 E Mineral Ave Centennial, CO 80112"
CO, Mammoth Digital , "1604 S Cascade Ave Colorado Springs, CO 80905", info@mammothdigital.com
CO, Denver Print Company , "10525 E 40th Ave Ste 204 Denver, CO 80239", info@denverprintcompany.com, info@denverbannerprinting.com
CO, Gran Farnum Printing , "1526 Grand Ave Glenwood Springs, CO 81601", stacey@printing4you.com
CO, Rigel Productions , "1113 Oakhurst dr Broomfield, CO 80020", richard@rigel.pro
CO, 525 Publishing Inc , " Loveland, CO 80538", jlr@525publishing.com
CO, JS Signs & Printing , "2712 S Havana St Ste A Aurora, CO 80014"
CT, Goodcopy Printing & Digital Graphics , "110 Hamilton St New Haven, CT 06511", davidm@goodcopy.com
CT, X-Wing Digital , "1 State St Hartford, CT 06103"
CT, Msp Digital Marketing , "65 Locust Ave New Canaan, CT 06840", info@mspdigital.com
CT, Digital Media 1 LLC , "175 E Main St Waterbury, CT 06702", info@digitalm1.com
CT, Millward Brown Digital , "333 Ludlow St Stamford, CT 06902"
CT, Encompass Digital Media , "816 Saw Mill Rd West Haven, CT 06516"
DE, Delmarva Digital , "220 Laureltowne Laurel, DE 19956"
DE, Digital Pallet Advertising , "1 Helen St Georgetown, DE 19947"
DE, Digital Media Solutions, LLC , "3500 S Dupont Hwy Dover, DE 19901"
DE, Hidden Gem Digital Marketing , "1902 W 2nd St Wilmington, DE 19805", hiddengemdigitalmarketing@gmail.com
FL, Digital Marketing Agency | MediaStormPro , "37 N Orange Ave Orlando, FL 32801", info@mediastormpro.com
FL, Swish Digital Marketing Agency , "605 Crescent Executive Ct Lake Mary, FL 32746"
FL, MarketingSoup Digital Agency , "401 E Las Olas Blvd Fort Lauderdale, FL 33301", info@marketingsoup.com
FL, SIC Digital Creative Agency , "6948 Collins Ave Ste 207 Miami Beach, FL 33141", info@sicdigital.com
FL, Digital Media Agency Inc. , "7890 NW 55th St Doral, FL 33166"
FL, Ypa Digital Marketing Agency , "21327 Pagosa Ct Boca Raton, FL 33486"
FL, Gladiatrix Digital Marketing Agency , "1432 San Juan CT Clearwater, FL 33756"
FL, Green Digital Agency , "150 SE 2nd Ave Miami, FL 33131"
FL, Ypa Digital Marketing Agency , "3701 Fau Blvd Boca Raton, FL 33431"
FL, Fishing Talent Digital Marketing Agency , " Miami, FL 33166", diego.calvo@fishingtalent.net
FL, Azure Digital Agency , "6601 Memorial Hwy Tampa, FL 33615"
FL, Virtualnet.net Digital Agency , "1601 NW 108th Ave Plantation, FL 33322"
FL, Roger West-Digital Marketing Agency , "3111 W Dr Martin Luther King Jr Blvd Ste 360 Tampa, FL 33607", info@rogerwest.com
FL, Digital Video Agency , "11005 Newbridge Dr Riverview, FL 33579"
FL, Digital Emotions Agency , "2000 Presidential Way West Palm Beach, FL 33401"
FL, Fishing Talent Digital Marketing Institute , "10482 NW 31st Ter Doral, FL 33172", diego.calvo@dln.la
FL, Triad Digital Media , "1408 N West Shore Blvd Tampa, FL 33607", inquiries@triaddigital.com
FL, Digital Arrow Marketing - CLOSED , "140 NE 4th Ave Delray Beach, FL 33483"
FL, Digital Communications , "9350 Bay Plaza Blvd Ste 120 Tampa, FL 33619"
FL, Digital Direct Response TV Inc , "8130 Glades Rd Boca Raton, FL 33434", michaelbeskin@gmail.com
FL, Dream Light Digital , "140 S Beach St Ste 101 Daytona Beach, FL 32114"
FL, Digital Cents Inc , "835 E Park Ave Tallahassee, FL 32301"
FL, Dcc Digital Cnvrgnccnsltng , "19165 N Gardenia Ave Weston, FL 33332"
FL, Digital Media of Florida , "1030 17th Ave N Saint Petersburg, FL 33704"
FL, Zimmerman Digital , "1821 Miccosukee Commons Dr Tallahassee, FL 32308"
FL, Digital Signergy , "3000 SW 3rd Ave Miami, FL 33129"
FL, Xcellimark - Orlando Digital Marketing , "115 W Gore St # 100 Orlando, FL 32806", kris@xcellimark.com
FL, Digital Graphics Printing , "3225 Jordan Blvd Malabar, FL 32950", wac@gladstonecomputer.com
FL, XOS Digital , "59 Skyline Dr Lake Mary, FL 32746"
FL, Atlantic Digital Image Inc , "105 Shell Bluff Ct Ponte Vedra Beach, FL 32082"
FL, Vertical Horizons One Is A Digital Media Advertising and SEO Solutions Company , "1334 Tampa Rd Palm Harbor, FL 34683"
FL, 341 Digital Media LLC , " North Fort Myers, FL 33917"
FL, Levesque Digital Media , "223 E Flagler St Ste 242 Miami, FL 33131"
FL, Digital Technics Inc , "2265 SE 5th Ct Homestead, FL 33033"
FL, iSource Digital , "1934 Hollywood Blvd Ste 204 Hollywood, FL 33020", info@isourcedigital.com
FL, Pure Digital Marketing , "3001 N Rocky Point Dr E Ste 200 Rocky Point, FL 33607", info@puredigitalmarketing.com
FL, US Digital Media Inc , "9100 Hamman Ave Pensacola, FL 32514"
FL, Bacon Digital , "924 Bishop Park Ct Apt 1212 Winter Park, FL 32792"
FL, Bacon Digital , "205 Oglethorpe Pl Orlando, FL 32804"
FL, Digital Voice Inc. , "2731 Silver Star Rd # 400 Orlando, FL 32808", info@digitalvoiceinc.com
FL, Xsite Digital, Inc. , "549 Dandelion Dr Saint Johns, FL 32259", jeff.kalish@xsitedigital.com
FL, Triton Digital Video Inc , "18245 NW 68th Ave Apt 620 Hialeah, FL 33015"
FL, Five One Digital, LLC , "10825 NW 29th Mnr Sunrise, FL 33322", info@fiveonedigital.com
FL, Prime Digital Network , "3712 Crawfordville Rd Tallahassee, FL 32305", sidneyw@sdnflorida.com
FL, Now Digital Inc , "1 S Orange Ave Orlando, FL 32801"
FL, EyeLevelDigital.com , "PO Box 643896 Vero Beach, FL 32964", info@eyeleveldigital.com
FL, Go Digital Advertising , "2735 W State Road 434 Longwood, FL 32779"
FL, Local Digital First , "11015 Gatewood Dr Bradenton, FL 34211"
FL, Think Big Digital Marketing , "4830 W Kennedy Blvd Tampa, FL 33609"
FL, I Scope Digital Media , "2701 NW 2nd Ave Boca Raton, FL 33431"
FL, Eyequest Digital , "2002 E 5th Ave Tampa, FL 33605"
FL, Digital Caviar , "1327 E 7th Ave Tampa, FL 33605"
FL, Digital Media Company , "1426 16th St Vero Beach, FL 32960"
FL, Be Awesome Digital , "1680 Michigan Ave Miami Beach, FL 33139", info@beawesomedigital.com
FL, Digital Media Construction , "4300 N Ocean Blvd Apt 18B Fort Lauderdale, FL 33308", admin@digitalmediaconstruction.com
FL, Digital Zoetrope Productions , "1902 Oak St Melbourne, FL 32901"
FL, Sizzable Digital Marketing , "10165 Stonehenge Cir Boynton Beach, FL 33437"
FL, digital edge Marketing , "10161 Centurion Pkwy N Ste 105 Jacksonville, FL 32256", info@digitaledge.marketing, info@smithandsurrency.com
FL, Just Click It Digital Marketing , "1301 Seminole Blvd Ste 13 Largo, FL 33770"
FL, Apollo Digital Marketing , "6560 Simone Shores Cir Apollo Beach, FL 33572", info@apollodigitalmarketing.com
FL, TAG Digital Marketing , "4705 S Apopka Vineland Rd Ste 130 Orlando, FL 32819", bk@tbsworks.com, info@tbsworks.com
FL, Cyberwalker Digital , "3030 N Rocky Point Dr W Ste 150 Tampa, FL 33607", andy@cyberwalker.com, kay@cyberwalker.com
FL, Fins Up Digital Media , "2022 Umbrella Tree Dr Edgewater, FL 32141", info@finsupdigitalmedia.co
FL, Vibe Digital Media , "475 Central Ave Saint Petersburg, FL 33701", info@vibedms.com
FL, Two Oceans Digital , "701 Simonton St Key West, FL 33040", sales@floridakeys.com
FL, Digital Marketing Lighthouse , "3902 Henderson Blvd Ste 208-163 Tampa, FL 33629", info@digitalmarketinglighthouse.com
FL, Roi Digital Media , "810 SE 8th Ave Deerfield Beach, FL 33441"
FL, Splash Digital Solutions , "3719 Central Ave Fort Myers, FL 33901"
FL, Maxmedia Digital Network , "2431 Aloma Ave Ste 284 Winter Park, FL 32792", info@maxmediadigitalnetwork.com
FL,  Web Design , "7542 Thornlee Dr Lake Worth, FL 33467"
FL, Maximize Digital Media , "233 N Tennessee Ave Lakeland, FL 33801", chrissanne@maximizedigitalmedia.com, craig@maximizedigitalmedia.com, mclaughlinchrisfl@gmail.com, peggy.harbuck@maximizesocialmedia.com
FL, Tactive Digital-Jacksonville , "9117 Hogan Rd Jacksonville, FL 32216"
FL, DigitalUs , "800 N Magnolia Ave Orlando, FL 32803", info@digitalus.com
FL, NewStyle Digital , "12773 Forest Hill Blvd Ste 1201 Wellington, FL 33414"
FL, Caviar Pixels, A Digital Opulence Firm , "1444 NW 14th Ave Miami, FL 33125"
FL, Dream Light Digital , " Daytona Bch, FL 32127"
FL, Sumner Digital , "11562 Derby Forest Dr Jacksonville, FL 32258", hello@sumnerdigital.com
FL, Digital Mark Company , "320 Chicasaw Ct Saint Johns, FL 32259"
FL, Drive By Digital , "15100 NW 7th St Pembroke Pines, FL 33028"
FL, JCX Digital Marketing Inc , "2400 W Copans Rd Ste 11 Pompano Beach, FL 33069"
FL, Lion Fuse Digital Media , "1720 Harrison St Ste 5a Hollywood, FL 33020"
FL, Digital Graphics Plus , "205 National Pl Unit 113 Longwood, FL 32750", sales@digitalgraphicsplus.com
FL, Liondog Digital , "6550 N Federal Hwy Ste 240 Fort Lauderdale, FL 33308"
FL, TCPalm Digital Powerhouse , "1939 SE Federal Hwy Stuart, FL 34994"
FL, Digital Footprint Solutions , "1309 Hampton Blvd North Lauderdale, FL 33068"
FL, Digital Metamorphosis , "4327 NW 21st St Gainesville, FL 32605", info@dmcreativestudios.com
FL,  Surrency Digital Mktng , "10161 Centurion Pkwy N Jacksonville, FL 32256", info@digitaledge.marketing
FL, DigitalAD Ventures , "721 Jamestown Dr Apt E Winter Park, FL 32792"
FL, Naked Digital , "410 Evernia St., Ste. 104 West Palm Beach, FL 33401", hello@naked.digital
FL, T E J Digital , "4550 Pga Blvd Palm Beach Gardens, FL 33418"
FL, Forever Signs , "2400 W 3rd Ct Hialeah, FL 33010", foreversigns@aol.com
FL, Tcreative Inc , "2789 Wrights Rd STE 1021 Oviedo, FL 32765"
FL, PCA Delta Commercial Printing Services , " Fort Lauderdale, FL 33309", KEN@PCADELTA.COM
FL, Expert Printing & Graphics , "6826 NW 77th Ct Miami, FL 33166"
FL, Preferred Print , "4700 W Prospect Rd Fort Lauderdale, FL 33309"
FL, Espirito Santo Marketing Solutions , "275 University Dr Coral Gables, FL 33134", jobs@esgraphics.net, oscar@esmktg.com
FL, A Better Copy , "102 E New Haven Ave Melbourne, FL 32901", copynetdavidm@aol.com
FL, Universal Signs & Accessories , "3001 Orange Ave Fort Pierce, FL 34947", Office@Universalsignsfl.Com
FL, A1a Sign Wave Co , "106 N Orlando Ave Cocoa Beach, FL 32931", a1asignwave@cfl.rr.com
FL, Bruce Sereta Illustration , "7913 Lost Cove Ct Orlando, FL 32819", bsereta@cfl.rr.com
FL, 954Design , "2967 Ravenswood Rd Ste 5 Fort Lauderdale, FL 33312", Contact@954design.com
FL, U Design It - Screen printing , "2700 N 29th Ave Ste 304 Hollywood, FL 33020"
FL, Lacko Illustration , "6105 N Bay Rd Miami Beach, FL 33140", Hello@lackoillustration.com
FL, Good Guys Signs , "6315 Anderson Rd Tampa, FL 33634"
FL, Precision Signs , "1515 Capital Cir NW Ste 5 Tallahassee, FL 32303", info@precisionsignsonline.com
FL, Subito , "8605 NW 54th St Doral, FL 33166", contact@subitomarketing.com
FL, Lithocraft Inc , "4460 S Ridgewood Ave Port Orange, FL 32127", lithocraft4460@aol.com
FL, Innova Graphics LLC , "4401 NW 87th Ave Doral, FL 33178"
FL, Sign It Quick Jacksonville , "3338 Atlantic Blvd Jacksonville, FL 32207", tony@signitquick.com
GA, Rigley Media Digital Marketing Agency of Atlanta , "3281 Hazelwood Dr SW Atlanta, GA 30311", office@rigleymedia.com
GA, Brandh Hype - Digital Marketing Agency , "120 Granville Ct Atlanta, GA 30328", sales@brandhype.us
GA, Media Mash Digital Agency , "130 Governors Sq Peachtree City, GA 30269"
GA, The Digital Bosses Agency , " Atlanta, GA 30324", hello@digitalbosses.com
GA, Digital Marketing & Media , "221 Avonwood Dr SW Marietta, GA 30064"
GA, N 2 Digital Holdings , "8010 Roswell Rd Atlanta, GA 30350", sedelson@ephca.com
GA, C-Marc Digital Video Productions , "125 Park Forest Dr NW Kennesaw, GA 30144", c-marc@earthlink.net
GA, Digital Advertising Marketing , "1715 Kitchens Rd Macon, GA 31211"
GA, Third Wave Digital , "1841 Hardeman Ave Macon, GA 31201", info@twd3.com
GA, Digital Picture Works , "1381 Dodson Dr SW Atlanta, GA 30311"
GA, DigitalPoint USA , "950 Eagles Landing Pkwy Suite 270 Stockbridge, GA 30281"
GA, Digital College Network , "99 Weatherstone Dr Ste 930 Woodstock, GA 30188", info@mediacaddy.com
GA, Digital Technologies Ltd , "1215 Hightower Rd Roswell, GA 30075"
GA, Sai Digital , "412 E 1st St Rome, GA 30161", info@saidigital.co
GA, Veterans Digital Marketing Now! , "1132 To Lani Farm Rd Ste A Stone Mountain, GA 30083"
GA, Digital Technologies LTD , "1215 Hightower Trl Atlanta, GA 30350"
GA, CWR Digital , "1248 Wolfpen Dr Thomson, GA 30824"
GA, Chatter Digital Marketing & Social Media Management , " Alpharetta, GA 30004"
GA, Next Level Digital Marketing , "192 Oakleigh Ln Dallas, GA 30132", nextleveldigitalmarketing@gmail.com
GA, Digital Technologies LTD , "5955 Shiloh Rd E Alpharetta, GA 30005"
GA, Alligator Digital , "6140 Buena Vista Rd Columbus, GA 31907"
GA, Left Digital Media , "461 Sandy Creek Rd Ste 4130 Fayetteville, GA 30214"
GA, The Mauldin Group Digital Marketing & Pr Services , "760 Old Roswell Rd Roswell, GA 30076"
GA, Swordsma Unlimited Digital , "5628 Brooklyn Ln Norcross, GA 30093"
GA, SAI Digital , "252 N 5th Ave SW Rome, GA 30165", info@saidigital.co
HI, Pro Digital - CLOSED , "812 Kawaiahao St Ste A Honolulu, HI 96813", info@prodigitalhawaii.com, gayne@prodigitalhawaii.com, prodigitalusa@mac.com
HI, Kauai Digital Marketing , "1184 Pua Melia St Kalaheo, HI 96741", ted@kauaidigitalmarketing.com
HI, Sqwoosh Digital , "99-340 Honohono St Aiea, HI 96701"
HI, Pacific Digital Signs , "1177 Bishop St Honolulu, HI 96813"
ID, PM Digital - CLOSED , "960 S Broadway Ave Ste 530 Boise, ID 83706", boise@pmdigital.com
ID, Lewis Clark Digital Ads , "104 W 19th Ave Lewiston, ID 83501"
ID, M LLC , "1900 W Main St Apt 5 Boise, ID 83702"
ID, Walt's Mailing Service , "9610 E 1st Ave Spokane Valley, WA 99206", wms@waltsmailing.com
IL, Dicimi Tech Digital Design Agency , "73 W Monroe St Chicago, IL 60603", info@dicimitech.com
IL, Milan Letica's Digital Marketing Agency , "4044 N Lincoln Ave Chicago, IL 60618"
IL, Marcel Digital , "445 W Erie St Ste 200 Chicago, IL 60654", marcelwebsiteinquiries@marcelmedia.com
IL, Silver Lining Digital , "5000 W Roosevelt Rd Chicago, IL 60644", jroberts@silverliningdigital.com
IL, Digitals , "180 N La Salle St Chicago, IL 60601", newbusiness@digitas.com
IL, Digital First Media , "750 N Orleans St Ste 305 Chicago, IL 60654"
IL, Quad Cities Digital Design , "1830 43rd St Rock Island, IL 61201", Agkurylo@gmail.com
IL, Elevate Digital , "200 S Michigan Ave Ste 1305 Chicago, IL 60604"
IL, American Digital Signage , "210 Landmark Dr Normal, IL 61761"
IL, Digital Advertising , "401 E Ontario St Chicago, IL 60611"
IL, Digital Hive Mind , "705 James Ave Rockford, IL 61107"
IL, Decker Digital Advertising , "301 1st Ave Rock Falls, IL 61071"
IL, S.E. Melnick Digital Imaging , "2335 W Moffat St Chicago, IL 60647"
IL, American Digital Signage , "301 Hillside Ln Bloomington, IL 61701"
IL, Tactive Digital-Peoria , "3131 N University St Peoria, IL 61604"
IL, Wuhoo Digital Group , "233 S Wacker Dr Chicago, IL 60606", hello@wuhoodigitalgroup.com
IL, Digital Hive Mind Inc , "1243 18th Ave Rockford, IL 61104", hello@digitalhivemind.com
IL, 815life Digital Services , "426 2nd St Ste 100 La Salle, IL 61301"
IL, Gmedia Digital Marketing Group , "1245 Milwaukee Ave Glenview, IL 60025"
IL, Tactive Digital-Champaign , "509 Wendover Pl Champaign, IL 61822"
IL, Digital Third Coast Internet Marketing , "2540 W North Ave Chicago, IL 60647", george@digitalthirdcoast.net, info@digitalthirdcoast.net
IL, Manifest Digital , "1023 W Fulton Market Chicago, IL 60607", info@manifestdigital.com
IL, Lkcs , "4130 Plank Rd Peru, IL 61354", lkcs@lk-cs.com
IL, Matrix Partners , "566 W Adams St Ste 720 Chicago, IL 60661", info@matrix1.com
IL, Intech Direct , "105 E Marquardt Dr Wheeling, IL 60090", Steve.Schmitt@intechdirect.com
IL, My-Sign Guy , "5570 N Lynch Ave Chicago, IL 60630", dimitryk@my-signguy.com
IL, Core Integrated Marketing , "209 Glenwood Rd Chicago Heights, IL 60411", order@coreintegrated.com
IL, Implicit Success Marketing , " Skokie, IL 60076"
IN, Tlt Digital Video Agency , "7833 S Oak Dr Indianapolis, IN 46227"
IN, Digital Domain , "6415 Castleway West Dr Indianapolis, IN 46250"
IN, City Digital Imaging , "1810 S Lynhurst Dr Ste S Indianapolis, IN 46241", m_bob@cityblueindy.com
IN, Find8 Digital , "133 N 4th St Ste 709 Lafayette, IN 47901", karla@findeight.com, sales@findeight.com
IN, Plow Digital , "212 W 10th St Ste F175 Indianapolis, IN 46202"
IN, Wordplay Integrated Digital Advertising , "641 Washington St Ste 23 Columbus, IN 47201", Word@WordplayIN.com
IN, Gannett Digital Employment Sales Center , "130 S Meridian St Indianapolis, IN 46225"
IN, RK3 Digital , "1857 E Cheyanne Ln Bloomington, IN 47401", info@rk3digital.com
IN, Kicks Digital Marketing , "5420 N College Ave Ste Ll2 Indianapolis, IN 46220", hello@kicksdigital.com
IN, L3 Digital Media Solutions , "32 Beechwood Rd Jeffersonville, IN 47130"
IN, Link Graphics , "1018 E Diamond Ave Evansville, IN 47711", gmoser@linkgraphics.com
IN, Starken Printing Company Inc , "131 N Mill St Plainfield, IN 46168", starkenprinting@sbcglobal.net
IN, L & D Mail Masters Inc , "110 Security Pkwy New Albany, IN 47150", info@ldmailmasters.com
IA, KCAU Digital Solutions , "625 Douglas St Sioux City, IA 51101", info@kcaudigital.com
IA, Digital Community Holdings Inc , "316 S Main St Inwood, IA 51240", fctmarketingteam@gmail.com
IA, Fence Talk Digital , "801 Bluff St Dubuque, IA 52001", sales@fencetalkdigital.com
IA, early bird digital marketing , "914 71st St NE Cedar Rapids, IA 52402"
KS, Corporate Document Services , "9095 Bond St Overland Park, KS 66214"
KY, Blink Digital Advertising Agency , " Louisville, KY 40241", answers@blinkadvert.com
KY, Digital Generation Systems , "100 High Rise Dr Ste 124 Louisville, KY 40213"
KY, Digital Design Advertising , "911 College St Ste 202 Bowling Green, KY 42101"
KY, Tactive Digital-Henderson , "800 Marywood Dr Henderson, KY 42420"
KY, SimpleLogic Digital , "3510 Stony Brook Dr Louisville, KY 40299", eric.caudy@simplelogicweb.com
KY, Guardian Owl Digital Boutique , "1205 E Washington St Ste 118b Louisville, KY 40206", info@guardianowldigital.com
KY, L & D Mail Masters Inc , "110 Security Pkwy New Albany, IN 47150", info@ldmailmasters.com
KY, Trade Show Joe , "2163 Watterson Trl Louisville, KY 40299", info@tradeshowjoe.com
KY, Hurt Printing , "518 W Main St Louisville, KY 40202", derbyprinting@bellsouth.net
KY,  R Graphics , "942 S 2nd St Louisville, KY 40203"
LA, Touch Point Digital Marketing Agency , "4035 Washington Ave # 100 New Orleans, LA 70125", info@touchpointdigital.net
LA, Precision Digital Agency , "201 Prescott Blvd Youngsville, LA 70592"
LA, Firefly Digital Inc , "116 Foreman Dr Lafayette, LA 70506"
LA, Firefly Digital Inc , "1304 Bertrand Dr Ste F7 Lafayette, LA 70506", info@fireflydigital.com
LA, Raxxar Digital Marketing , "513 N Parkerson Ave Crowley, LA 70526", info@raxxar.com
LA, Firefly Digital, Inc. , "130 S Buchanan St Lafayette, LA 70501", info@fireflydigital.com
LA, Digital Logic , "411 Lake St Shreveport, LA 71101"
LA, Lamar Advertising of Louisiana , "629 S Claiborne Ave New Orleans, LA 70113", ssisung@lamar.com
ME, Digital Research Inc , "201 Lafayette Ctr Kennebunk, ME 04043", fred.abaroa@digitalresearch.com, michelle.aldridge@digitalresearch.com, inquiry@digitalresearch.com, fabaroa@digitalresearch.com
ME, Dream Local Digital , "463 Main St Rockland, ME 04841", dream@dreamlocal.com
ME, Horizon Digital Marketing , "101 North St Portland, ME 04101", dsexton@horizondigitalmarketing.com
ME, Ledge Point Digital , "380 Us Route 1 Falmouth, ME 04105"
MD, Digital Tricycle , "275 Michener Ct W Severna Park, MD 21146", info@digitalcycle.com
MD, Digital Marketing Inc , "3429 Hill Gail Dr Chesapeake Beach, MD 20732", og@digimark.net
MD, Gauge Digital Media , "66 E Main St Ste 300c Westminster, MD 21157"
MD, Tactive Digital-Hagerstown , "13 E Washington St Hagerstown, MD 21740"
MD, Mission Media , "616 Water St Ste 225 Baltimore, MD 21202", biz@missionmedia.com, support@missionmedia.com
MD, Liquified Creative , "222 Severn Ave Ste 4d Annapolis, MD 21403", info@liquifiedcreative.com, shawn@liquifiedcreative.com
MA, Digital Front , "7 Rosewood Ln Franklin, MA 02038", info@playfront.com
MA, Del Padre Digital, Inc. , "15 Benton Dr East Longmeadow, MA 01028", nino@delpadre.com
MA, Integrated Digital Strategies , "198 Tremont St # 201 Boston, MA 02116", info@iDigitalStrategies.com
MA, Gadarian Digital , "12 Terri Rd Framingham, MA 01701"
MA, Adroit Digital Solutions , "245 1st St Ste 10 Cambridge, MA 02142"
MA, Digital Impulse , "480 Pleasant St Watertown, MA 02472", info@digitalimpulse.com, agency@digitalimpulse.com
MA, Advertising Digital Identification , "110 Sand Hill Rd Amherst, MA 01002"
MA, Boston Digital Marketing, Inc. , "90 Warrenton St Apt 6 Boston, MA 02116"
MA, Rhyme Digital , "116 Pleasant St Easthampton, MA 01027"
MA, Millward Brown Digital , "501 Boylston St Ste 6101 Boston, MA 02116", ekeating@compete.com, sales@compete.com, sdimarco@compete.com
MA, Blue State Digital , "711 Atlantic Ave Boston, MA 02111"
MA, Clarence Smith Digital Marketing , "51 Murray Hill Rd Cambridge, MA 02140", admin@clarencesmithjr.com
MA, Cigoto Graphic's - CLOSED , "262 Meridian St Boston, MA 02128"
MA, Go Graphix , "31 Benton Dr East Longmeadow, MA 01028", info@go-graphix.com
MA, Lane Printing Co , "210 S Franklin St Holbrook, MA 02343", carolyn@laneprint.com, courtney@laneprint.com, mail@laneprint.com
MI, Traffic Digital Agency , "412 E 4th St Royal Oak, MI 48067", info@trafficdigitalagency.com
MI, Everson Digital Marketing Agency , "110 E 3rd St Davison, MI 48423"
MI, TRAFFIC Digital Agency , "340 E Big Beaver Rd Troy, MI 48083"
MI, Carry Advertising-Your Digital Agency , "12844 Croftshire Dr Grand Blanc, MI 48439"
MI, Digital Ten Network , "71130 Van Dyke Rd Bruce Twp, MI 48065"
MI, Digital Design & Marketing , "1002 E Austin Ave Flint, MI 48505"
MI, Digital Ten Network , "1 Division Ave N Grand Rapids, MI 49503"
MI, American Digital Art , "40804 Woodside Dr Clinton Township, MI 48038"
MI, Digital 10 Network , "801 W Cloverland Dr Ironwood, MI 49938"
MI, Digital Ten Network , "1832 N Saginaw Rd Midland, MI 48640"
MI, Digital 10 Media , "39500 High Pointe Blvd Novi, MI 48375", info@digital10media.com
MI, Digital Design & Marketing , "G4443 Clio Rd Flint, MI 48504"
MI, Digital Arts & Design , "422 N West Ave Jackson, MI 49201", digitalarts@ymail.com
MI, Digital Ten Network , "1343 10th Ave Menominee, MI 49858"
MI, KozySocial Digital Marketing , "104 Michigan St E Three Oaks, MI 49128", kozysocial@gmail.com
MI, Wide Eyed Digital , "605 W Western Ave Apt 102 Muskegon, MI 49440", wideeyeddigital@yahoo.com
MI, Ingenex Digital Marketing , "116 E Washington St Ste 200 Ann Arbor, MI 48104", sales@ingenexdigital.com
MI, Detroit Digital - CLOSED , "645 Griswold St Ste 1866 Detroit, MI 48226"
MI, Digital Media Loft , "404 E 4th St Royal Oak, MI 48067"
MI, Richter Digital , "2703 Woodland Ave Royal Oak, MI 48073"
MI, Digital Ten Network , "1001 Eureka St Sault Sainte Marie, MI 49783"
MI, Digital Designs , "908 Court St Saginaw, MI 48602", sales@digitaldesigns1.net
MI, Graphics Unlimited , "2304 Olthoff St Muskegon, MI 49444", files@graphicsun.com, info@trafficgraffix.com
MI, Usmani Design , "4800 S Saginaw St Flint, MI 48507", usmanidesign@gmail.com
MI, SMZ , "1200 Kirts Blvd Ste 100 Troy, MI 48084"
MN, Digital Mark Corporation , "1300 Yale Pl Apt 324 Minneapolis, MN 55403"
MN, Ley Digital Graphic Design & Rendering, "24653 State Highway 15 Saint Augusta, MN 56301"
MN, Advance Digital , " Evansville, MN 56326", steve@advancemarketing.co
MN, Dotronix Digital Signage , "2500 University Ave W Saint Paul, MN 55114"
MN, MPH Digital Services, LLC , "6121 Excelsior Blvd Minneapolis, MN 55416", info@mphdigital.com
MN, Encompass Digital Media , "6221 Holly Dr N Hugo, MN 55038", saleslatam@encompass.tv
MN, 1:16 Digital Media , "15100 63rd St N Stillwater, MN 55082"
MN, AMSM Digital Media , "3359 Limerick Ln NE Rochester, MN 55906", amsm@amsmdigitalmedia.com
MN, DigitalParc , "525 N 3rd St Unit 114 Minneapolis, MN 55401", hello@digitalparc.com
MN, SMIO Digital Marketing , "14918 Fireside Rd Cold Spring, MN 56320", info@smiodigitalmarketing.com
MN, Tracy A Henry Digital Marketing , "5211 Sunnyside Road Mounds View, MN 55112"
MN, Integrity Digital , "9700 14th Ave S, Suite 300 Bloomington, MN 55425", info@integrity-digital.com
MN, Sign Pro , "5250 W 74th St Minneapolis, MN 55439", info@signprowg.com
MN, Northwest Graphic Supply Co , "4200 E Lake St Minneapolis, MN 55406", art@nwgraphic.com
MS, Gibens Creative Group , "1014 N Gloster St Tupelo, MS 38804"
MO, Infuzin Digital Marketing Agency , "17295 Chesterfield Airport Rd Chesterfield, MO 63005"
MO, Blue Stingray Digital Agency , "3015 Salena Drive St. Louis, MO 63118"
MO, Front Page Digital Agency , "210 Monroe St Jefferson City, MO 65101", sales@frontpagedigitalagency.com
MO, Amplified Digital Agency , "900 N Tucker Blvd Saint Louis, MO 63101", info@amplifieddigitalstl.net
MO, Ozark Digital Data , "3982 Osage Beach Pkwy Osage Beach, MO 65065"
MO, Pan Galactic Digital LLC , "231 Papin Ave St. Louis, MO 63119", jared.reed@pangalacticdigital.com
MO, Evolve Digital Labs , "7374 Elm Ave Saint Louis, MO 63143", derekmabie@evolvedigitallabs.com, info@evolvedigitallabs.com
MO, Ampere Digital Marketing , "5306 W Tayside Cir Columbia, MO 65203", tbakersv@socket.net
MO, Digital Design , "102 Winter Valley Dr Fenton, MO 63026", ericnull933@yahoo.com
MO, Digital Lift , "261 Clarkson Executive Park Ellisville, MO 63011"
MO, SimplieDigital , "3616 Penn St Saint Joseph, MO 64507"
MO, Speak Digital Marketing , "4818 Washington Blvd Saint Louis, MO 63108", info@speakdm.com
MO, Pan Galactic Digital , "108 N Kirkwood Rd Saint Louis, MO 63122"
MO, Digital Strike Marketing , "8793 Big Bend Blvd Saint Louis, MO 63119", admin@digitalstrike.com
MO, Native Digital , "3502 Gillham Rd Kansas City, MO 64111"
MO, Speak Digital Marketing , "6614 Clayton Rd Ste 139 Saint Louis, MO 63117", info@speakdm.com
MO, AUSTINS.CLUB - Digital Marketing for the Small Business , "206 Austin Ave Columbia, MO 65203", contact@austins.club, hr@austins.club, info@austins.club, mgmt@austins.club, sales@austins.club, yp@austins.club
MO, St. Louis Digital Media , "2200 W Port Plaza Dr Ste 302 Saint Louis, MO 63146", kyle@stlouisdigitalmedia.com, info@stlouisdigitalmedia.com
MO, Native Digital , "2901 Gillham Rd Kansas City, MO 64108"
MO, Print & Web People , "1008 Rock Creek Elementary School Dr O Fallon, MO 63366", larry@pwpstl.com
MO, Mail It 76 - CLOSED , "1316 W 76 Country Blvd Branson, MO 65616"
MO, Print Big Solutions , "8300 NE Underground Dr. Pillar 122. Kansas City, MO 64161. Kansas City, MO 64161", digigraph@printbig.com
MO, Ipseity Creative , "1856 Broadway St Cape Girardeau, MO 63701", admin@ipseitycreative.com
MO, Geile/Leon Marketing Communications , "5257 Shaw Ave Ste 102 Saint Louis, MO 63110", hello@geileon.com
MT, 800 Digital Agency - CLOSED , "39 Blue Heron Ln Great Falls, MT 59404"
MT, All About Town Digital Concierge , "1511 6th Ave N Billings, MT 59101"
MT, Luminous Digital Media , "1009 Harmon Way Bozeman, MT 59718"
MT, DigitalSEOPro.com , "5337 Golden Hollow Rd Unit 4 Billings, MT 59101"
NE, Drop Zone Digital Media , "17408 Burdette Cir Omaha, NE 68116"
NE, Ultra Graphics , "2960 48th Ave Columbus, NE 68601", mail@ultgraphics.com
NE, Darkside Graphics , "7551 Main St Ste 208 Omaha, NE 68127", edhunt@darksidead.com
NV, On The Maps! Digital Ad Agency , "3651 Lindell Rd Ste D Las Vegas, NV 89103"
NV, City Of Disco - Boutique Digital Agency , "224 Evergreen Summit Ave Las Vegas, NV 89123"
NV, Las Vegas Digital Media Consultants , "7545 Oso Blanca Rd Las Vegas, NV 89149", info@lasvegasdigitalmediaconsultant.com
NV, Automotive Digital Marketing , "2701 N Rainbow Blvd Las Vegas, NV 89108"
NV, Tcs Digital Marketing , "200 S Virginia St Reno, NV 89501", info@tcsdigitalmarketing.com
NV, Tcs Digital Marketing , "212 Elks Point Rd Unit 982 Zephyr Cove, NV 89448", info@tcsdigitalmarketing.com
NV, GMS Digital Marketing , "7017 S Buffalo Dr Apt 1028 Las Vegas, NV 89113"
NV, Digital Dynasty , "8456 Wandering Sun Ave Las Vegas, NV 89129"
NV, BirdDog Digital Media , "6600 W Charleston Blvd Ste 118 Las Vegas, NV 89146", fetch@birddogdigitalmedia.com
NV, Digital Texting.com , "3395 S Jones Blvd Las Vegas, NV 89146"
NV, Techmate Digital LLC , "5510 S Fort Apache Rd Las Vegas, NV 89148"
NV, On The Maps Digital Marketing Company - Las Vegas , "304 S Jones Blvd # 904 Las Vegas, NV 89107", info@onthemaps.com
NV, Digital Wiz Marketing , "10887 Osceola Mills St Las Vegas, NV 89141"
NV, Tactive Digital-Las Vegas , "3228 N Rancho Dr Las Vegas, NV 89130"
NV, N Media Digital Marketing , " Las Vegas, NV 89147", sales@nmediadigitalmkt.com
NV, Echosphere Digital , "6275 Boulder Hwy Apt 2092 Las Vegas, NV 89122", info@echospheredigital.com
NH, The Digital Advertiser LLC , "969 Union Ave Laconia, NH 03246"
NH, Braveheart Digital Marketing , "844 Elm St Ste 100 Manchester, NH 03101", david@braveheartdigitalmarketing.com, info@braveheartdigital.com
NH, Paragon Digital Marketing , "310 Marlboro St Keene, NH 03431"
NH, Keene Sign Worx , "690 Court St Keene, NH 03431", info@signworx.com
NJ, Digitally Savvy , "304 Springfield Ave Summit, NJ 07901", DigitallySavvy@GMail.com
NJ, Digital Firefly Marketing , "63 Moran Ave Ste B Princeton, NJ 08542", info@digitalfireflymarketing.com, john@digitalfireflymarketing.com
NJ, The DIgital State , "765 Mountain Ave Springfield, NJ 07081", fred@thedigitalstate.com
NJ, PM Digital , "25 Abe Voorhees Dr Manasquan, NJ 08736", manasquan@pmdigital.com
NJ, Ad Pro Digital , " Vienna, NJ 07880"
NJ, Idea Lab Digital , "37 E Main St Moorestown, NJ 08057", moorestown@patch.com, info@idealabmarketing.com
NJ, Digital Brand Expressions , "101 Morgan Ln Ste 203b Plainsboro, NJ 08536", info@digitalbrandexpressions.com
NJ, Imagination Digital Marketing , "107 Gilbreth Pkwy Mullica Hill, NJ 08062"
NJ, Digital Automotive Network , "13 Cathy Pl Succasunna, NJ 07876"
NJ, SMC Digital Marketing - SEO , "88 Palisade Ave Jersey City, NJ 07306"
NJ, Digital Brand Expressions , "100 Overlook Ctr Ste 203b Princeton, NJ 08540", info@digitalbrandexpressions.com
NJ, Urban Castle Digital Marketing , "14 Sextant Dr Atlantic City, NJ 08401", urbancastlellc@gmail.com
NJ, Printed Pixel, Inc. , "603 Washington Ave Ste 2b South Amboy, NJ 08879", socialmedia@printedpixel.com, info@printedpixel.com
NJ, ALL IN ONE PRINTSHOP - CLOSED , " Trenton, NJ 08607"
NJ, You-Can-Ad.com , " Paramus, NJ 07652"
NJ, On The Spot Graphics , " Jackson, NJ 08527"
NJ, Highridge Graphics , "113 Frank Applegate Rd Jackson, NJ 08527", info@highridgegraphics.com
NJ, Kraftwork Custom Design , " Trenton, NJ 08610", signs@Kraftwork.net
NM, Digital Retail Networks , "4524 Homestead Trl NW Albuquerque, NM 87120"
NM, Digital Key Design , " Rio Rancho, NM 87174"
NM, Digital Solutions , "1100 S Main St Ste 110 Las Cruces, NM 88005"
NY, D Comm Digital Commerce Agency , "415 W Broadway New York, NY 10012"
NY, New York Web Design - Digital Marketing Agency , "5621 43rd Ave Woodside, NY 11377", feng487@gmail.com
NY, Noir Digital Agency , "312 Bowery New York, NY 10012"
NY, FDS-IT Digital Agency , "170 Moreland St Staten Island, NY 10306"
NY, Omni Digital Agency , "2283 3rd Ave. New York, NY 10035"
NY, Jewel Ghost Digital Media Agency , "99 Heathwood Rd Buffalo, NY 14221", mikevillari@gmail.com
NY, Ronzio Digital , "1460 Broadway New York, NY 10036", ciao@ronziodigital.com
NY, Digital Enzyme , "325 W 38th St New York, NY 10018", photos@edressme.com
NY, Brooklyn Digital Foundry , "20 Jay St Ste 213 Brooklyn, NY 11201", inquire@brooklynfoundry.com
NY, Capps Digital , "160 Varick St New York, NY 10013"
NY, Ryan Digital Media , "100 Milbar Blvd Farmingdale, NY 11735"
NY, Digital Market Research , "2 Penn Plz New York, NY 10121"
NY, Hyphen Digital , "711 3rd Ave Rm 12 New York, NY 10017", mail@copyroom.com
NY, Digital Media Force , " New York, NY 10002"
NY, Digital Pulp Inc , "220 E 23rd St Ste 900 New York, NY 10010"
NY, Digital Designs , " Ransomville, NY 14131"
NY, Tfg Digital , "609 Dingens St Buffalo, NY 14206"
NY, Cox Digital Solutions , "1 Dag Hammarskjold Plz New York, NY 10017"
NY, Digital Root Inc , "1841 Broadway Rm 706 New York, NY 10023"
NY, Hunter Digital , " Port Washington, NY 11050"
NY, Digital Compression Technology Lp , "375 Park Ave New York, NY 10152"
NY, 1world Digital Inc , "22 E 122nd St New York, NY 10035"
NY, Encompass Digital Media , "545 5th Ave Rm 1200 New York, NY 10017", abe@cohortdigitalmedia.com
NY, Television and Digital Research Craig L. Jaffe , "110 Fisher Ave Eastchester, NY 10709", craigjaffe@optonline.net
NY, Faithful Dog Digital , "5 Coach Ln Syosset, NY 11791"
NY, Tbg Digital , "415 Madison Ave New York, NY 10017"
NY, Digital Natives Group , "522 46th Ave Long Island City, NY 11101", Jonathan@nativesgroup.com, ben@nativesgroup.com
NY, Digital Advertising Solutions , "5030 Broadway New York, NY 10034"
NY, Digital Motion , "1593 Locust Ave Bohemia, NY 11716"
NY, Digital Motion , "240 W 55th St New York, NY 10019"
NY, Essence Digital , "120 5th Ave New York, NY 10011"
NY, ZaZa Digital Media Marketing , "72 Green Apple Park Henrietta, NY 14467", julio@zazadigitalmedia.com
NY, CloudClicks Digital Marketing & Consulting, "830 Shore Rd Apt 2T Long Beach, NY 11561"
NY, Faithful Dog Digital , "13 Millfarm Ln Southampton, NY 11968"
NY, Digital Direct Advertising , "111 Smithtown Byp Hauppauge, NY 11788"
NY, Flying Point Digital , "35 W 36th St New York, NY 10018"
NY, Alloy Digital , "498 Fashion Ave New York, NY 10018", info@defymedia.com
NY, Finger Lakes Digital Advertising , " Rochester, NY 14612"
NY, Digital Surf , "74 Leonard St New York, NY 10013", info@digitalsurf.co
NY, DigitalFlash , "419 Park Ave S New York, NY 10016", info@digitalflash.com
NY, Digital Place-Based Advrtsng , "535 Madison Ave # 20 New York, NY 10022"
NY, Blue State Digital , "101 Avenue Of The Americas New York, NY 10013"
NY, Triton Digital , "321 W 44th St New York, NY 10036"
NY, Digital Orbit , "1000 James St Syracuse, NY 13203"
NY, Eyeview Digital , "60 Madison Ave New York, NY 10010"
NY, Digital Place-Based Advrtsng , "122 E 42nd St New York, NY 10168"
NY, Luxury Trine Digital Media Group , "305 Madison Ave New York, NY 10165"
NY, Drive Digital , "228 Park Ave S New York, NY 10003"
NY, All Def Digital , "980 Avenue Of The Americas New York, NY 10018"
NY, Tactive Digital-Syracuse , "5904 Bridge St East Syracuse, NY 13057"
NY, Goodpep Digital Marketing , "256 Main Street Huntington, NY 11743", hello@goodpep.com
NY, GRIM Digital Media , "510 Clinton Sq Rochester, NY 14604"
NY, Long Island Website Design - All Things Digital , "194 Morris Ave Holtsville, NY 11742"
NY, Digital AMD Creative , "604 W 191st St Apt C New York, NY 10040", advertising@digitalamd.com
NY, Altitude Digital , "79 Madison Ave New York, NY 10016"
NY, Alpha Fusion Digital , "159 20th St Brooklyn, NY 11232", info@alphafusiondigital.com
NY, Chris Sewell Digital Media , "165 Court St # 142 Brooklyn, NY 11201", jennifer@chrissewelldigitalmedia.nyc
NY, Scale Digital Marketing , "500 Seneca St Ste 506 Buffalo, NY 14204", hello@tryscale.com
NY, DigitalSwitch , "2 Heitz Pl Hicksville, NY 11801", LetsTalk@DigitalSwitchNY.com
NY, Digital Deepdish , "5 Penn Plz New York, NY 10001"
NY, Engine Room Digital Marketing , "20 Broadhollow Rd Melville, NY 11747", info@engineroomdm.com
NY, Digital Mandate , "68 S Service Rd Melville, NY 11747"
NY, Dataflow , "100 Hunt Ctr Horseheads, NY 14845", corning@godataflow.com, roska@godataflow.com
NY, Dataflow , "71 Fuller Rd Ste 1 Albany, NY 12205", roska@godataflow.com, albany@dataflow.com, demouser@godataflow.com
NY, Dataflow , "320 N Goodman St Ste 200 Rochester, NY 14607", rochester@godataflow.com, roska@godataflow.com
NY, Teal Orbit , "60 Avenue C Apt 2 New York, NY 10009", letschat@tealorbit.com
NY, Dataflow , "306 S Meadow St Ithaca, NY 14850", ithaca@godataflow.com
NY, Inhouse Graphics , "8417 Oswego Rd Stop 180 Baldwinsville, NY 13027", sales@ihgraphics.com
NY, VIVA BLUE , "20 W 47th St New York, NY 10036"
NY, Chautauqua Media , "150 W Main St Apt 5 Brocton, NY 14716", chautauquamedia@outlook.com
NY, Dataflow , "19 S Washington St Binghamton, NY 13903", binghamton@godataflow.com
NY, P8per Hearts Design Studio , "Two Bridges New York, NY 10002"
NY, Vital Signs , "780 Ridge Rd Ste 2 Webster, NY 14580"
NY, Nri , "44 W 18th St New York, NY 10011"
NC, Bunga Digital Agency , "12651 Lahinch Ct Charlotte, NC 28277", info@bungaweb.com
NC, Jordan Digital Agency , "8712 Lindholm Dr Ste 300 Huntersville, NC 28078", wendy@jordandigitalagency.com
NC, ChartLocal Digital Marketing Agency & Creative Studio, "615 N Front St Wilmington, NC 28401"
NC, Genesis Digital Life Agency , "14636 Reese Blvd W Huntersville, NC 28078"
NC, 17blue Digital Agency , "624 New Bridge Street, Ste 600 Jacksonville, NC 28540", contact@go17blue.com
NC, TriMark Digital , "611 Tucker St. Raleigh, NC 27603", info@trimarksolutions.com
NC, Knowmad Digital Marketing , " Charlotte, NC 28204"
NC, Centerline Digital , "310 S Harrington St Raleigh, NC 27603"
NC, Get You Found Digital Marketing , "301 S Elm St #401 Greensboro, NC 27401", peter.raines@getyoufound.com
NC, DigitalMouth Advertising , " Charlotte, NC 28209", info@digitalmouthadvertising.com
NC, Centerline Digital , "509 N West St Raleigh, NC 27603"
NC, SoVi Digital , "124 Mantle Dr Clayton, NC 27527"
NC, Digital Media Consultant , "1589 Skeet Club Road Suite 102 High Point, NC 27265", insightfulnicole@gmail.com
NC, Digital Mouth , "421 Penman St Charlotte, NC 28203", info@digitalmouthadvertising.com
NC, Red Shark Digital , "1801 Charles Blvd Suite 108 Suite 108 Greenville, NC 27858"
NC, Acme Digital , "4502 Gibbon Rd Charlotte, NC 28269"
NC, Digital Mouth , "309 E Morehead St Charlotte, NC 28202"
NC, Dbc Digital Solutions , "192 E Lewis St Greensboro, NC 27406"
NC, Go Digital Metrics , "131 Franklin Plaza Dr # 343 Franklin, NC 28734"
NC, First Flight Digital , "145 W Pennsylvania Ave Southern Pines, NC 28387"
NC, Spark Digital Marketing , "525 Vine St Winston Salem, NC 27101", twright@sparkdigitalmarketing.com
NC, Tailored Digital Solutions , "8436 Tifton Road Charlotte, NC 28226", taylor@tailoreddigitalsolutions.com
NC, Tnt Digital Advertising , "1439 Speedway Rd North Wilkesboro, NC 28659"
NC, Spark Digital Marketing , "301 N Main St Ste 2421 Winston Salem, NC 27101", twright@sparkdigitalmarketing.com
NC, Blue Fin Digital , "4817 Waxhaw Farms Rd Waxhaw, NC 28173", info@BlueFinDigital.net
NC, Digital Business Services , "2644 Church St Winterville, NC 28590"
NC, Immedia Print , "2100 Glendale St Winston Salem, NC 27127", customerservice@immediaprint.com, curmudjohn@aol.com, office@immediaprint.com, jbaicy@immediaprint.com
NC, A Stone's Throw Design Studio , "7340 Pine Lake Ln Mint Hill, NC 28227", rohn@aststudio.com
NC, The Treehouse Group, LLC , "P.O. Box 1301 Harrisburg, NC 28075", info@thgroup.net
NC, Artistic Energy , "4010 Holly Park Dr Indian Trail, NC 28079", info@artisticenergy.com
NC, Innovate Graphics , "4600 Lebanon Rd Ste H Mint Hill, NC 28227"
NC, Artistry Graphic Design , "PO Box 532 Mooresville, NC 28115"
NC, THOTS & IDEAS LLC , "3701 Ashbrook Drive Northwest Wilson, NC 27896", info@thotsandideas.com
ND, Waterman Digital Media , "1428 Cottonwood St Grand Forks, ND 58201", info@watermandigitalmedia.com
OH, DigitalHipster Inc. , "668 Archwood Rd Wadsworth, OH 44281", MattRoss@DigitalHipsterInc.com
OH, Universal Digital Communication , "180 Park Ave W Mansfield, OH 44902", liz@vbcomm.net
OH, Hi Impact Digital Inc , "8432 Central Ave Sylvania, OH 43560", info@hiimpactdigital.com
OH, Chereson Digital Services , "1312 Lake Dr Ashland, OH 44805", cheresondigitalservices@gmail.com
OH, Find8 Digital , "4140 Linden Ave Ste 213 Dayton, OH 45432"
OH, Fred Older, Digital Advertising Consultatn , "3985 Eastern Rd, Ste A Norton, OH 44203", fred@jmcbrands.com
OH, Stream Digital , "772 N High St Columbus, OH 43215", info@streamdigital.com, toddc@streamdigital.com
OH, Juss Russ Digital Marketing , "680 Moore Ct Cleveland, OH 44113", info@thejussruss.com
OH, Baxter Digital Media, LLC , "2115 South Main St Bellefontaine, OH 43311"
OH, Ulrich Pinciotti Design Group , "617 Adams St Toledo, OH 43604"
OH, J A C Business Communications , "4700 Lakeside Ave E Cleveland, OH 44114", jac@jacbusiness.com
OK, Focus Digital Marketing Agency , "12101 N Macarthur Blvd Oklahoma City, OK 73162", support@allaboutfocus.com
OK, Digital Video Agency , "12101 N Macarthur Blvd Oklahoma City, OK 73162"
OK, Krush Digital Advertising Agency , "5708 NW 135th St Oklahoma City, OK 73142", info@gokrush.com
OK, Digital Biz Inc , "6128 E 38th St Tulsa, OK 74135"
OK, Three Sixty Digital Prdctns , "117 NW 142nd St Edmond, OK 73013"
OK, Driven Digital , "18 N Vann St Pryor, OK 74361", david@drivendigital.us
OK, Krush Digital , "15812 N Pennsylvania Ave Edmond, OK 73013", info@gokrush.com
OK, Target Digital , "7966 E 41st St Ste 14 Tulsa, OK 74145", guest.relations@target.com
OK, Krush Digital , "5835 NW 50th St Oklahoma City, OK 73122"
OK, Oakwood Graphics , "401 N Redbud Ave Broken Arrow, OK 74012"
OK, Design Works Group , "711 SW D Ave Ste 202 Lawton, OK 73501", dara@designworksgroup.com
OR, Elev8 Digital Agency , "19707 SW Aspen Ridge Dr Bend, OR 97702"
OR, Alcove Digital Agency , "1125 NW 9th Ave Portland, OR 97209"
OR, Decoder Digital , "537 SE Ash St Ste 308 Portland, OR 97214", ben@decoderdigital.com
OR, Ed Bisquera Digital , "1420 NW Lovejoy St Apt 523 Portland, OR 97209", edbisquera@gmail.com
OR, Southern Or Digital Advg , "225 Simmons Cut Dr Cave Junction, OR 97523"
OR, Bisquera Digital Marketing , "615 NW Naito Pkwy Portland, OR 97209", edbisquera@gmail.com
OR, Thrive Digital Marketing , "38954 Proctor Blvd Sandy, OR 97055"
OR, Inerseshen Creative Media , "650 SE Jackson St Roseburg, OR 97470", info@inerseshen.com
OR, Campagna Design , "1400 NW Irving St Apt 628 Portland, OR 97209", anna@annacampagna.com
PA, 1SEO.com Digital Agency , "1414 Radcliffe St Bristol, PA 19007", info@localinternettraffic.com
PA, Infinity Digital Agency, LLC , "4033 Brownsville Rd Ste B Feasterville Trevose, PA 19053", info@infinitydigitalagency.com
PA, 1SEO Digital Agency , "1414 Radcliffe St Ste 301 Bristol, PA 19007", jmiller@1seo.com, info@1seo.com
PA, 1Digital Agency , "7 N Columbus Blvd Ste 300 Philadelphia, PA 19106", info@1digitalagency.com
PA, Digital Video Agency , "106 Lindley Ln Pittsburgh, PA 15237"
PA, O2 Digital Creative Agency , "100 Ross St Ste 304 Pittsburgh, PA 15219"
PA, Digital Video Agency , "774 Pikesville Ln Shrewsbury, PA 17361"
PA, Infinity Digital Agency , "1753 Bridgetown Pike Feasterville Trevose, PA 19053", info@infinitydigitalagency.com
PA, Digital Imaging Solutions Corp , "814 Cumberland St Lebanon, PA 17042"
PA, Harkins Signs & Digital Images, "1701 Union Blvd Ste 110 Allentown, PA 18109", HarkinsSigns@gmail.com
PA, Digitally Processed Imagery , "2410 County Line Rd York Springs, PA 17372"
PA, Master Digital Models Inc , "701 Ellis Rd Willow Grove, PA 19090"
PA, Lazerpro Digital Media Group , "220 Regent Ct State College, PA 16801", info@lazerprovideo.com
PA, Dynamic Digital Advertising , "950 Street Rd Southampton, PA 18966"
PA, Digital Extreme Media Group , "1398 Mountain Rd Newburg, PA 17240", support@digitalextrememediagroup.com
PA, Dynamic Digital Advertising , "1265 Industrial Blvd Southampton, PA 18966", rufit2@inetnebr.com, sales@ddapa.com
PA, Lazer Pro Digital , "220 Largent Dr Altoona, PA 16601"
PA, Bridgeline Digital Inc , "1100 E Hector St Ste 242 Conshohocken, PA 19428"
PA, Bulldozer Digital Dr Radio Advertising , "794 Penllyn Blue Bell Pike Ste 219 Blue Bell, PA 19422"
PA, Treehouse Digital Marketing , "PO Box 1328 Lancaster, PA 17608", info@treehousedigitalmarketing.com
PA, Groundswell Digital Media , "1650 Market St Ste 3600 Philadelphia, PA 19103"
PA, Kaxy Digital , "218 Torrington Dr York, PA 17402", sales@kaxydigital.com
PA, Digital Narrowcasting Associates , "579 Feightner Rd Greensburg, PA 15601"
PA, Digital Narrowcasting Associates , "536 Brunswick Dr Greensburg, PA 15601"
PA, Specialized Digital Marketing , "3 State School Rd Selinsgrove, PA 17870", michael.j@specializeddigitalmarketing.com
PA, Wsi Digital Wizards-Site. Search. Social. Mobile. Simplified! , "318 Old Lancaster Rd Devon, PA 19333"
PA, Vitamin D Digital , "2005 S Queen St York, PA 17403"
PA, Oz Digital , "429 Rohrerstown Rd Lancaster, PA 17603"
PA, Dynamic Digital Advg , "2713 Easton Rd Willow Grove, PA 19090", info@ddacorp.com
PA, CircleRank SEO and Digital Marketing , "310 W Master St Ste 202 Philadelphia, PA 19122", info@circlerank.com
PA, Delphic Digital , "10 Shurs Ln Ste 201 Philadelphia, PA 19127", info@delphicdigital.com
PA, Nittany Digital , "34 Overlook Rd Reynoldsville, PA 15851", info@nittanydigital.com
PA, Tactive Digital-Wilkes-Barre , "62 S Franklin St Wilkes Barre, PA 18701"
PA, White Noise Digital , "1108 2nd Ave Harrisburg, PA 17113", whitenoisedigitalseo@gmail.com
PA, Digital Traffic Media , "P O Box 654 Braddock, PA 15104"
PA, Momentum Digital , "1010 N Hancock St Apt 201 Philadelphia, PA 19123", mac@needmomentum.com
PA, Baldino Digital , "41 N Main St Ste 207 Carbondale, PA 18407", connect@baldinodigital.com
PA, Synergist Digital Media , "1735 Market St Ste 3750 Philadelphia, PA 19103", info@synergistdigitalmedia.com
PA, The Digital Swarm, LLC , "801 North St McSherrystown, PA 17344"
PA, W-Graphics , "18 N 4th St # 20 Easton, PA 18042", info@teamwgraphics.com
PA, Mail & Copy Plus , "4530 William Penn Hwy Murrysville, PA 15668", mandcplus@aol.com
PA, Nefra Communication Center Inc , "3433 E Market St York, PA 17402", nefra@nefra.com
PA, ColorFile VCS , "418 Pierce St Lansdale, PA 19446", runit@colorfilevcs.com
RI, V+R Digital Branding Agency , "69 Montgomery St Ste 5 Pawtucket, RI 02860", veronica@vandrdigital.com
RI, Breeze Digital Media , "6 Blackstone Valley Pl Ste 204 Lincoln, RI 02865"
RI, Millward Brown Digital , "100 Quaker Ln Warwick, RI 02886"
RI, Figmints Digital Creative Marketing , "163 Exchange St Unit 101 Pawtucket, RI 02860", info@figmints.com
SC, MessageMuse Digital Agency , "4711 Forest Dr #138 Columbia, SC 29206"
SC, View Digital Media , "119 W Main St Central, SC 29630", mwells@viewdm.com, info@viewdm.com
SC, ★Digital Motions , "4234 Mount Gallant Rd Rock Hill, SC 29732"
SC, Digital Media Communications , "140 Dutchman Blvd Irmo, SC 29063", sales@digitalmediacommunications.com
SC, Stardust Digital , "35 Ashbury Ct Bluffton, SC 29910", Interactive@StardustDigital.com
SC, ★Digital Motions , "1171 Market St Ste 204 Fort Mill, SC 29708"
SC, FUEL Digital Marketing and Branding , "25 E Court St Ste 100 Greenville, SC 29601"
SC, Digital Balefire Marketing Consultancy & Social Conservatory, LLC , "121 White Birch Ct Lexington, SC 29073", tedb@digitalbalefire.com
SC, PM Digital , "1320 Main St Ste 210 Columbia, SC 29201", info@pmdigital.com
SC, Local Digital Billboards , "1543 Wando Landing St Daniel Island, SC 29492"
SC, Digital Media Consultants , "7171 Bryhawke Cir North Charleston, SC 29418"
SC, DigitalCoast Marketing , "1004 Anna Knapp Ext Mount Pleasant, SC 29464", stephan@digitalcoastmarketing.com
SC, New Media Digital Inc , "357 Lake Arrowhead Rd Myrtle Beach, SC 29572"
SC, Digital Resources , "4817 Highway 905 Conway, SC 29526"
SC, Quick Copy Print Center , "2021 E Main St Easley, SC 29640"
SD, Lefthand Digital Advertising Agency , " Rapid City, SD 57702"
SD, Skyline Digital , " Sioux Falls, SD 57104"
SD, Wattier Digital Marketing , "6808 W 5th Pl Sioux Falls, SD 57107", contact@wattierdigitalmarketing.com
TN, The Paramore- Digital Agency , "500 Church St Ste 500 Nashville, TN 37219", info@paramoredigital.com
TN, Speak Creative - Nashville Digital Agency , "6979 Sunnywood Dr Nashville, TN 37211", hello@madebyspeak.com
TN, Brady Mills Digital Media Agency , "234 Treutland Ave Nashville, TN 37207"
TN, Durik Digital Printing , "114 SE Parkway Ct Ste 100 Franklin, TN 37064", info@durikadvertising.com, photo@vanderbilt.edu
TN, Digital Designs , "128 Harlan Ave Hendersonville, TN 37075"
TN, Darkstar Digital , "1100 Kermit Dr Ste 204 Nashville, TN 37217", info@darkstar-digital.com, info@darkstardesign.com
TN, Novare Digital , " Nashville, TN 37219"
TN, WSI Digital Directions , "257 N Calderwood St Alcoa, TN 37701"
TN, Tencom Digital Marketing , "426 Troy Ave Dyersburg, TN 38024"
TN, High Road Digital , "123 W Summer St Greeneville, TN 37743", info@highroaddigital.com
TN, Clarence Smith Digital Marketing , "18 1/2 6th St Bristol, TN 37620"
TN, Tactive Digital-Memphis , "1725 Shelby Oaks Dr N Memphis, TN 38134"
TN, Digital Designs , "110 Dillon Dr Hendersonville, TN 37075"
TN, Image360 - West Knoxville, TN , "6700 Baum Dr Ste 15 Knoxville, TN 37919", info@image360westknoxville.com
TN, LSI/LSI Graphics , "2950 Brother Blvd Ste 103 Memphis, TN 38133"
TX, Digital Impact Agency , "4820 Caroline St Houston, TX 77004"
TX, Digital Success Agency , "17719 Misty Grove Dr Dallas, TX 75287"
TX, Dean Guy Marketing Digital Advertising Agency , "5722 S Kings Hwy Texarkana, TX 75501"
TX, Digital Mover Agency I Houston SEO , "2000 Edwards St Houston, TX 77007"
TX, Permian Edge Digital Marketing Agency , "6415 N State Highway 349 Bldg 13 Midland, TX 79705"
TX, Conglomeratti Digital Media , "107B E Bobwhite Ln Harker Heights, TX 76548"
TX, Digital Generation Systems , "750 W John Carpenter Fwy Ste 700 Irving, TX 75039", investor_relations@dgsystems.com
TX, Aha! Digital Marketing + Creative , "209 E Riverside Dr Austin, TX 78704", info@getaha.com
TX, Digital Oilfield , "10777 Westheimer Rd Ste 1100 Houston, TX 77042"
TX, Digital D Signs , "1364 Industrial Dr New Braunfels, TX 78130", ddswraps@yahoo.com
TX, Advent Digital , "1323 Vista Del Monte San Antonio, TX 78216", adventdigital@gmail.com, g@dig1.com
TX, Gravity Digital , "12603 Highway 105 W Ste 204 Conroe, TX 77304", contact@gravitydigital.com
TX, SEOTA Digital Marketing , "2591 Dallas Pkwy Ste 300 Frisco, TX 75034", info@seota.com
TX, Southwest Digital Media , " Plano, TX 75074"
TX, Ratio Digital Media , "2421 W 7th St Ste 320 Fort Worth, TX 76107", hello@ratiodigital.com
TX, Mac Digital Advertising , "13331 Preston Rd Dallas, TX 75240"
TX, Minute Marketing Digital Screen Advertising , "Po Box 112951 Carrollton, TX 75011", info@minutemarketing.net
TX, One-TO-One Digital Solutions , "2800 Story Rd W Irving, TX 75038"
TX, CYM Digital , "Renata Circle Houston, TX 77084"
TX, Red Ant Digital Marketing , "1418 Beech Ave Ste 126 McAllen, TX 78501", Info@Redantdigital.Com
TX, Sync Digital Marketing , " Austin, TX 78704", info@SyncDigitalMarketing.com
TX, Advocate Digital Media , "311 E Constitution St Victoria, TX 77901", support@advocatedigital.com
TX, Digital Identifi Advertising , "1216 River Oaks Dr Flower Mound, TX 75028"
TX, Digital Signage Solutions , "5811 63rd St Ste A Lubbock, TX 79424", sales@dsstexas.com
TX, Blue Ribbon Digital Media , "6002 Angel Falls Ln Houston, TX 77041"
TX, Galaxy Digital Solutions , "1510 Randolph St Ste 104 Carrollton, TX 75006", contact@galaxydigitalsolutions.us
TX, JDM Digital , "8330 Lyndon B Johnson Fwy Ste 435 Dallas, TX 75243", nerds@jdmdigital.co
TX, Main Street Digital - Lubbock , "710 Avenue J Lubbock, TX 79401", Contact@MainStreetDigital.com
TX, WSI Digital Atlas , "Po Box 744 Cedar Park, TX 78630", info@WSIDigitalAtlas.com
TX, Bounce Back Digital , "2304 11th St Port Neches, TX 77651", info@bouncebackdigital.com
TX, Foxhound Media & Digital Communications , "1710 15th St Lubbock, TX 79401", info@foxhoundmedia.com
TX, Wsi Digital Atlas , "3001 Lombardi Way Cedar Park, TX 78613"
TX, Nous Digital , "3333 Lee Pkwy Ste 600 Dallas, TX 75219"
TX, Acktivate Digital Marketing , "5315 Magdelena Dr Austin, TX 78735", info@acktivate.com
TX, Upshift Digital , "3225 Turtle Creek Blvd Dallas, TX 75219"
TX, Tactive Digital-Wichita Falls , "4500 Seymour Hwy Wichita Falls, TX 76309"
TX, Tactive Digital-Lubbock , "7403 University Ave Lubbock, TX 79423"
TX, Advantix Digital , "14285 Midway Rd Ste 475 Addison, TX 75001", info@advantixmarketing.com
TX, Juggernaut Digital Marketing , "6215 Franklin St Ste 2 San Antonio, TX 78209"
TX, Red Bean Digital Marketing , "529 Melissa Ln New Braunfels, TX 78130", info@redbeandigital.com, brian@redbeandigital.com
TX, Tactive Digital - Midland/Odessa , "1550 N Avenue I Odessa, TX 79763", jfalks@tactivedigital.com
TX, lana husband digital media , "1800 Meadowbrook Dr Killeen, TX 76543"
TX, MEK Digital Marketing , "16135 Preston Rd Ste 109a Dallas, TX 75248"
TX, KDH Digital-SEO-Social Media-Mobile & Web Design , "1809 Florence Rd Killeen, TX 76541", sales@kdhdigital.com
TX, Digital Intelligence Corp , "1800 S Loop W Houston, TX 77054"
TX, Advocate Digital Media , "320 E Methvin St Longview, TX 75601"
TX, Kulture Digital , "5701 W. Slaughter Ln A130-441 Austin, TX 78749"
TX, Black Ops Digital Marketing , "3104 Ivydale rd Pearland, TX 77581"
TX, Digital Signs , "2201 Main St Ste 100b Dallas, TX 75201", sales@dgtlsigns.com
TX, Winter Texan Times , "N Conway Ave Mission, TX 78572", ads@wintertexantimes.com, news@wintertexantimes.com, parkscal@wintertexantimes.com
TX, Progress Times , "1217 N Conway Ave Mission, TX 78572", jb@progresstimes.net
TX, MULTIGRAFICS De La Rivera Inc , "139 Chelsea St El Paso, TX 79905", Info@multigrafics.com
TX, Dante Klar Media Group , "110 Broadway St Ste 530 San Antonio, TX 78205"
TX, SmithPrint, Inc. , "333 Burnet St San Antonio, TX 78202", barney@smithprint.net, info@smithprint.net
TX, Henderson Quick Copy Printing , "112 S Main St Henderson, TX 75654", hendersonquickcopyprintingshirts@gmail.com
TX, The Party Kings Promotions , "6107 Pineway Blvd Houston, TX 77023"
TX, Signs of Success , "11301 Huffmeister Rd Houston, TX 77065", order@signsuccess.com
TX, Spade Design , "207 E Elm St Tyler, TX 75702", info@spadedg.com
TX, El Paso Graphic Installs , "14728 Cactus Crossing Dr El Paso, TX 79928"
TX, Cooper's Copies & Printing , "1024 Dallas Dr Denton, TX 76205", bob@cooperscopies.com, sales@cooperscopies.com
UT, Redirect Digital and Direct Marketing , "2825 E Cottonwood Pkwy Ste 310 Salt Lake City, UT 84121", info@redirectnow.com
UT, Elastic Digital , "1536 Woodland Park Dr Ste 230 Layton, UT 84041"
UT, Digital Smart Media , "4572 S Park Manor Dr Salt Lake City, UT 84117", chris@digitalsmartmedia.com
UT, Tactive Digital - Salt Lake City , "2175 W 1700 S Salt Lake City, UT 84104"
UT, Wasatch Digital IQ , "859 W South Jordan Pkwy South Jordan, UT 84095"
UT, Vectrum Graphics , "1451 W 5175 S Unit 104 Ogden, UT 84405", service@vectrumgraphics.com
UT, Cal Nez Designs , "8160 S 1330 E Sandy, UT 84093", calnezdesign@gmail.com, calnez@calnezdesigns.com
VT, Record Digital Media , "190 Federal St Saint Johnsbury, VT 05819"
VA, Poolhouse Digital Agency , "23 W Broad St Richmond, VA 23220"
VA, Btp Digital Video Agency , "10235 Magnolia Grove Dr Manassas, VA 20110"
VA, Dominion Digital Inc , "4101 Cox Rd Ste 350 Glen Allen, VA 23060"
VA, Emanate Digital , "1616 Anderson Rd Ste 235 Mc Lean, VA 22102", info@emanatesolutions.com
VA, MP&A Digital & Advertising , "4804 Courthouse St Ste 3b Williamsburg, VA 23188", madigan@madiganpratt.com
VA, Workshop Digital , "1813 E Broad St Richmond, VA 23223"
VA, ZENOVIA Digital Exchange , "3141 Fairview Park Dr Falls Church, VA 22042"
VA, Redengine Digital , "2300 Clarendon Blvd Arlington, VA 22201"
VA, Splash Digital Solutions , "503 E Market St Charlottesville, VA 22902"
VA, Aim Digital Media , "6308 Five Mile Centre Park Fredericksburg, VA 22407"
VA, Mainivent Digital Marketing , " Chesapeake, VA 23320"
VA, LNI Digital Marketing , "42466 Legacy Park Dr Ashburn, VA 20148", info@lnidigitalmarketing.com
WA, Fringe Digital Marketing Agency , "1101 Broadway St Ste 215 Vancouver, WA 98660", keith@fringewebpro.com
WA, Point It - Digital Marketing Agency , "151 Western Ave W Ste 350 Seattle, WA 98119", info@pointit.com
WA, Statik Digital Agency , "500 SE Everett Mall Way Everett, WA 98208"
WA, FRINGE Digital Marketing Agency , "1720 NE 64th Ave Ste A Vancouver, WA 98661", info@fringewebpro.com
WA, Digital Advantage LLC , "975 Carpenter Rd NE Ste 101 H Lacey, WA 98503", slosson@outlook.com
WA, RainierDigital Search Marketing , " Issaquah, WA 98029", info@rainierdigital.com
WA, Tri-Digital Software , "8424 154th Ave NE Redmond, WA 98052", mark@tri-digital.com
WA, Confluence Digital , "711 6th Ave N Ste 201 Seattle, WA 98109", info@confluencedigital.com
WA, Mas Digital Media , "5200 S Cloverdale Pl Seattle, WA 98118"
WA, Digital Cross Media Production , "4004 W Fort George Wright Dr Spokane, WA 99224"
WA, Digital Marketing Maniacs , "9208 NE Highway 99 Vancouver, WA 98665", helpme@digitalmarketingmaniacs.com
WA, Mas Digital Media , "7848 S 135th St Seattle, WA 98178"
WA, Sprout Digital , "701 W 8th St Suite B Vancouver, WA 98660", info@sproutdigital.us
WA, RainierDigital , "2018 156th Ave NE Suite 100 Bellevue, WA 98007"
WA, Digital Odyssey It , "7206 SW 248th St Vashon, WA 98070"
WA, Northern Pacific Digital , "7901 Golden Given Rd E Tacoma, WA 98404"
WA, Solutions Digital Marketing, LLC , "4907 216th Pl SW Mountlake Terrace, WA 98043"
WA, Kdk One Digital Media , "1516 W Riverside Ave Ste 1 Spokane, WA 99201", production@kdk-1.com
WA, Walt's Mailing Service , "9610 E 1st Ave Spokane Valley, WA 99206", wms@waltsmailing.com
WA, Master's Touch , "1405 N Ash St Spokane, WA 99201"
WV, The Agency , "340 Beverly Pike Elkins, WV 26241"
WV, Upper Potomac Area Agcy , "2941 Fairmont Ave Fairmont, WV 26554"
WV, Barnes Agency , "939 3rd Ave Huntington, WV 25701", barnesagency@jbarnes.com
WV, Asher Agency , "117 Summers St Charleston, WV 25301"
WV, The Arnold Agency , "117 Summers St Charleston, WV 25301"
WV, Alesco Data Group - CLOSED , "5276 Summerlin Commons Way Ste 703 Fort Myers, FL 33907", marketing@alescodata.com
WV, Spot Runner Inc - CLOSED , "6300 Wilshire Blvd Ste 2100 Los Angeles, CA 90048"
WV, Blackwell & Co , "119 Summers St Charleston, WV 25301", info@blackwellandco.com
WV, Kisner Communications , "50 Monroe St Martinsburg, WV 25404"
WV, Miles & Miles , "114 Bradford St Charleston, WV 25301"
WV, Your Bulletin Board , "2819 White Hall Blvd Fairmont, WV 26554"
WV, Lamar Outdoor Advertising , "1116 Route 75 Kenova, WV 25530", lddnoc@lamar.com
WV, Maple Creative , "300 Capitol St Ste 1310 Charleston, WV 25301"
WV, Adelphia Media Services , "2129 Showers Ln Martinsburg, WV 25403"
WV, Micro Outdoor Advertising , "552 Beechurst Ave Morgantown, WV 26505"
WV, Adelphia Media Service - CLOSED , " Kearneysville, WV 25430"
WV, Lamar Advertising Co , "5507 Ingleside Rd Princeton, WV 24739", lddnoc@lamar.com
WV, Keystone Company , "1031 Market St Wheeling, WV 26003"
WV, Tyler Star News , "727 Wells St Sistersville, WV 26175", reporter@tylerstarnews.com
WV, Vitalink Communications , "212 9th Ave W Huntington, WV 25701", ayrproductions@yahoo.com
WV, Lex Multimedia , "3200 Main St Ste 2 Weirton, WV 26062", lexmultimedia@comcast.net
WV, Interspace Airport Advertising , "North Central Wv Airport Bridgeport, WV 26330"
WV, PBM Advertising Co , "46th Rosemar Rd Parkersburg, WV 26105"
WV, Ad Bulletin , "1135 6th Ave Huntington, WV 25701"
WV, Coal People Magazine , "629 Virginia St W Charleston, WV 25302", chuck.roper@charter.net
WV, Alleghany Poster Advertising , "101 W Washington Ave Terra Alta, WV 26764"
WV, West Virginia Press Association , "3422 Pennsylvania Ave Charleston, WV 25302"
WV, Hampshire Review , "25 S Grafton St Romney, WV 26757"
WV, Valley Printing , "6050 State Route 34 Winfield, WV 25213"
WV, Fraley's Jobs & Careers , "1672 Grafton Rd Morgantown, WV 26508"
WV, Morgantown's Dot Com , "Canyon Rd Morgantown, WV 26508"
WV, Sportskids , "12500 Emerson Ave Parkersburg, WV 26104", ken@sportskids.com
WV, Machine Communications , "125 College Pkwy Parkersburg, WV 26104"
WV, Cut & Dry , "415 Jefferson Ave Moundsville, WV 26041"
WV, Image Associates , "700 Virginia St E Ste 220 Charleston, WV 25301", billhogan@imageassociatesllc.com
WV, Pat McCoy Advertising , "5420 Karen Cir Charleston, WV 25313", mccoy5420@aol.com
WV, Blain Turner Advert , "1401 Saratoga Ave Morgantown, WV 26505", delbert@blaineturner.com
WV, Reilly John E , "214 Eastview Dr West Liberty, WV 26074"
WV, Mountaineer Yellowpages , "4 Suburban Ct Morgantown, WV 26505"
WV, Eztouse.Com , "519 Juliana St Parkersburg, WV 26101"
WV, Fahlgren Mortine - CLOSED , "418 Grand Park Dr Ste 321 Parkersburg, WV 26105", melissa.dykstra@fahlgren.com
WV, Wvva Television Inc , "101 Main St Beckley, WV 25801", news@wvva.com
WV, Turner, L , "202 Eastview Dr West Liberty, WV 26074"
WV, Sun Advertizing Inc , "611 Slaughter Dr Charleston, WV 25313"
WV, Foxfire Design , " Parkersburg, WV 26104"
WV, Ogden Directories Inc , "736 Mercer St Princeton, WV 24740"
WV, Morehead Marketing Inc , "284 Englewood Dr Mineral Wells, WV 26150", info@moreheadphotography.com
WV, The Auto Expo , " Reedsville, WV 26547"
WV, Wells Media Group , "303 Washington St W Charleston, WV 25302"
WV, Sun Advertising Inc , "1500 Maccorkle Ave SE Charleston, WV 25396"
WV, Studio 105 , "105 N Princess St Shepherdstown, WV 25443", tcrow@intrepid.net
WV, Taillight Communications , "2016 Georgian Ln Morgantown, WV 26508"
WV, Super Mail Inc , "2346 Market St Wheeling, WV 26003", admin@superezprint.com, athoburn@smiezprint.com, athoburn@superezprint.com, jolejasz@smiezprint.com, jolejasz@superezprint.com, rthoburn@smiezprint.com, rthoburn@superezprint.com, rod@supermailinc.com, tthoburn@superezprint.com, sblackwood@smiezprint.com, sblackwood@superezprint.com, tthoburn@smiezprint.com
WV, West Virginia EMS Tsn , "82 Sue Ct Martinsburg, WV 25405"
WV, Jms Strategies , "100 Pine Dr Scott Depot, WV 25560"
WV, Hudson-Gillmor Associates Inc , "4939 Teays Valley Rd Scott Depot, WV 25560", ggillmor@hudson-gillmor.com
WV, Internet Marketing Solutions, Inc , "PO Box 106 Mineral Wells, WV 26150", info@wvlocalmarketing.com
WV, Sendhellocards, LLC , "305 Hidden Point Trl Morgantown, WV 26508"
WV, Gary Bowden Advertising & Marketing , "340 Buckhannon Ave Clarksburg, WV 26301"
WV, Dixonary , "108 Woodard Rd Weirton, WV 26062"
WV, I Heart Media , "134 4th Ave Huntington, WV 25701"
WV, Tyler County Development Authority , "210 Elizabeth St Sistersville, WV 26175"
WV, Crul Concepts , "24 Christopher Dr Hurricane, WV 25526"
WV, River City Advertising , "51 Oak Drive Cir Wheeling, WV 26003"
WV, Griffith & Coe Advertising , "801 Jerry Ct Martinsburg, WV 25401"
WV, Vivian Kost Consulting , "328 12th Ave W Huntington, WV 25701"
WV, The Grant Advantage , " Charleston, WV 25302", alice@thegrantadvantage.net
WV, New Leaf Group , " Charleston, WV 25301"
WV, Independent College Ent Inc , "2300 Maccorkle Ave SE Charleston, WV 25304"
WV, Henry, Raymond , "408 Pineview Dr West Liberty, WV 26074"
WV, Adam Glenn & Associates , "PO Box 1358 Morgantown, WV 26507"
WV, Gwynn Advertising , "2512 Chapline St Wheeling, WV 26003", service@gwynnadv.com
WV, Preferred Advertising Inc , "6420 US Route 60 E Barboursville, WV 25504"
WV, Rcoa-River City Outdoor Adv Co - CLOSED , "724 4th St W Huntington, WV 25701"
WV, Wvemstsn , "1948 Rock Cliff Dr Martinsburg, WV 25401"
WV, Bryan Boyd Creative Group , "107 Hale St Ste 321 Charleston, WV 25301", brooke@bryanboyd.com
WV, Advantage Business Connection , "102 Brent Way Hurricane, WV 25526"
WV, Lockney and Associates Inc , "320 Woodridge Dr Mineral Wells, WV 26150", info@lockneyads.com
WV, Gutman Advertising , "6743 National Rd Ste 100 Triadelphia, WV 26059"
WV, Chemical Alliance Zone of Wv , "3200 Kanawha Tpke South Charleston, WV 25303", kevindig@suddenlink.net
WV, Ad Bulletin , "1204 Virginia St E Charleston, WV 25301", freeads@adbulletin.com
WV, Graffiti , "519 Juliana St Parkersburg, WV 26101", aphelps@newsandsentinel.com
WV, Schueler Seth , "1100 9th St Vienna, WV 26105"
WV, As Seen On TV , "800 Foxcroft Ave Martinsburg, WV 25401"
WV, Wkyg 1230 Am Radio Disney , "5 Rosemar Cir Parkersburg, WV 26104"
WV, Ogden Yellow Pages - CLOSED , "235 High St Morgantown, WV 26505"
WV, Image Advertising , "800 Northside Dr Summersville, WV 26651"
WV, Hicks Outdoor Advertising , "102 Racer Dr Charleston, WV 25313", Heather@HicksOutdoor.com
WV, Preferred Advertising Inc , "5809 E Pea Ridge Rd Huntington, WV 25705"
WV, Mid-Ohio Valley Christian Business Direct , "3202 3rd Ave Vienna, WV 26105"
WV, Signs Unlimited , "RR 60 Huntington, WV 25701"
WV, Phillips Group , "926 Quarrier St Charleston, WV 25301"
WV, Risk Management Resources Inc , "113 Goff Mountain Rd Charleston, WV 25313"
WV, Abt Advertising , "615 Market St Parkersburg, WV 26101"
WV, Locklear Media Inc , "20 Cactus Ln Hurricane, WV 25526"
WV, Parent Magazine , "519 Juliana St Parkersburg, WV 26101"
WV, Jack Canfield , "300 Capitol St Ste 1101 Charleston, WV 25301"
WV, Fenton Marketing Group , "415 Williams Ave Williamstown, WV 26187"
WV, P S Marketing Inc , "3620 Main St Weirton, WV 26062", promote@psmktg.net
WV, Tgg Brand Marketing & Design , "3901 Briscoe Run Rd Parkersburg, WV 26104", info@tggbrandmarketing.com
WV, Miller Mountain Top Dstrbtng , "560 Harper Park Dr Beckley, WV 25801"
WV, Fahlgren Mortine , "139 Summers St Charleston, WV 25301"
WV, L W Distributors , "6120 Maccorkle Ave Saint Albans, WV 25177"
WV, Davis Distribution Systems , "52 Quaker State Rd Newell, WV 26050"
WV, Ogden Directories Inc , "1500 Main St Wheeling, WV 26003", Pnardo@theintelligencer.net
WV, Mabo Management Company , "RR 7 Morgantown, WV 26501"
WV, Ajuga, Inc. , "258 Terrace Ave Elkins, WV 26241", info@ajuga.com
WV, Regulation Management , "2700 E Dupont Ave Belle, WV 25015"
WV, Transflo , "100 F St South Charleston, WV 25303"
WV, Ignite Studio , "970 Parson St Saint Albans, WV 25177", info@creativeonfire.com
WV, Wv Family Magazine , " Buckhannon, WV 26201"
WV, Abt Srbi Inc , "301 9th St Ste 201 Huntington, WV 25701"
WV, Teslainc.Com , "210 11th St Huntington, WV 25701"
WV, Jsi Presort Mailing Svc , "725 Watts St Charleston, WV 25302"
WV, Center For Entrepreneural , "1062 Maple Dr Morgantown, WV 26505"
WV, Source4 , " Bloomery, WV 26817"
WV, New Life Arts , "508 Grand St Morgantown, WV 26501"
WV, George Associates , "513 Princeton Ave Morgantown, WV 26505"
WV, Balkentier Consulting , "2337 Stewartstown Rd Morgantown, WV 26508"
WV, Elle Creative , "513 Pittsburgh Ave Fairmont, WV 26554"
WV, Traders Guide , "254 Birtrice Rd Gay, WV 25244"
WV, Resource Consultant , " Martinsburg, WV 25401"
WV, 4TheValley; a division of Naacei , " Inwood, WV 25428", Larry@im4wv.com
WV, Kanawha Putnam Ad Mailer , "6050 State Route 34 Winfield, WV 25213"
WV, Salter & Associates , "737 Powell Ave Morgantown, WV 26505"
WV, King Group Inc , "100 Peyton Way Ste 200 South Charleston, WV 25309"
WV, Wkyg , "5 Rosemar Cir Parkersburg, WV 26104"
WV, Wvhtc Foundation , "1000 Technology Dr Ste 1000 Fairmont, WV 26554", spethtel@wvhtf.org
WV, Bwab International , "Highway 52 Bluefield, WV 24701"
WV, CKM Marketing , "Lair of II apt 4 Parkersburg, WV 26101", pharmacybags@yahoo.com
WV, Auto Expo , "4029 Kingwood Pike Reedsville, WV 26547"
WV, Charles Ryan Assoc , "300 Summers St Ste 1100 Charleston, WV 25301"
WV, North Central Distributors Inc , "Route 131 Bridgeport, WV 26330"
WV, Eastlake Derry & Associates , "417 Grand Park Dr Parkersburg, WV 26105", ron@rwsalter.com
WV, Cavalier Promotions , "502 8th St Rainelle, WV 25962", brandon@cavalierpromotions.com
WV, Valpak , "859 Cobblestone Blvd Scott Depot, WV 25560"
WV, Charleston Newspapers , "1001 Virginia St E Charleston, WV 25301", joela@cnpapers.com, sports@wvgazette.com
WV, G & R Advertising , "76 Walnut St Shinnston, WV 26431", info@gradvertising.com
WV, Charles Ryan Assoc Inc , " T Sq Charleston, WV 25301"
WV, Hicks Outdoor Advertising , "49 61st St Parkersburg, WV 26105", Heather@HicksOutdoor.com
WV, Mayhew F , "3924 Adams St Weirton, WV 26062"
WV, R Advertising , "109 Oakhurst Ave Bluefield, WV 24701"
WV, Lamar Outdoor Advertising , "1600 Aviation Way Bridgeport, WV 26330", lddnoc@lamar.com
WV, Capital Communications Gr , "601 6th Ave Saint Albans, WV 25177"
WV, My Imaginary Friend Graphics , "172 Laxton Hollow Rd Clay, WV 25043"
WI, Phase 3 Digital Agency , "7025 Raymond Rd Madison, WI 53719", info@p3da.com
WI, Nelson Digital Marketing , " Madison, WI 53711", nelsondigmark@gmail.com
WI, Sunfire Digital , "1901 Fish Hatchery Rd Madison, WI 53713", info@sunfiredigital.com
WI, Optimal Digital Marketing , "103 W College Ave Ste 305 Appleton, WI 54911", info@optimalweb.biz
WI, Sortis Digital Marketing , "406 Science Dr Ste 207 Madison, WI 53711", gsanders@sortismarketing.com
WI, Digital Executives of Wisconsin , "6325 Odana Rd Madison, WI 53719", ng6523@yp.com
WI, The Digital Ring , "8401 Excelsior Dr Ste 104 Madison, WI 53717"
WI, Tactive Digital-Green Bay , "1181 E Mason St Green Bay, WI 54301"
WI, HiOctane Digital , "9183 S 47th St Franklin, WI 53132", pete@hioctanedigital.com
WI, WebWrights Digital Marketing & Web Design , "5930 Seminole Centre Ct Ste B Fitchburg, WI 53711"
WI, BluePOP Digital , "416 George St Ste 111 De Pere, WI 54115", inquire@bluepop.digital
WI, SiteKitty Digital , "1543 Kingswood Dr Neenah, WI 54956"
WI, Breckshire Digital Marketing Solutions , "607 S 24th Ave Wausau, WI 54401", cnelsonjeffers@breckshire.com
WI, SL Design , "PO Box 435 Schofield, WI 54476"
WI, Brand262 , "2607 Charles St Racine, WI 53402", info@brand262.com, sales@brand262.com, support@brand262.com
WY, Registered Agency Service , "2120 Carey Ave Ste 310 Cheyenne, WY 82001", info@wyoregisteredagent.com
WY, Alesco Data Group - CLOSED , "5276 Summerlin Commons Way Ste 703 Fort Myers, FL 33907", marketing@alescodata.com
WY, Spot Runner Inc - CLOSED , "6300 Wilshire Blvd Ste 2100 Los Angeles, CA 90048"
WY, KKTY AM & FM , "247 N Russell Ave Douglas, WY 82633", kkty@kktyonline.com
WY, Vision West , "339 E 1st St Powell, WY 82435", wendi@visionwest.com
WY, AMBI Mail & Marketing , "312 W 2nd St Casper, WY 82601", ambimail@bresnan.net
WY, Star Awards & Signs , "520 S 3rd St Laramie, WY 82070", starawsigns@qwestoffice.net
WY, Sign Pro , "6160 Rawhide Rdg Cheyenne, WY 82007", jess@signprowyoming.com
WY, Planet Jackson Hole , "567 W Broadway Ave Jackson, WY 83001"
WY, Wyoming Research Associates , "983 Foster Rd Casper, WY 82601", nate@wyomingresearch.com, wra@wyomingresearch.com
WY, Choice Advertising , "320 S Gillette Ave Gillette, WY 82716"
WY, Aaker Signs & Designs , "431 N Mckinley St Casper, WY 82601"
WY, Morrison Creative Company , "907 11th St Cody, WY 82414"
WY, Walking Star Design , "921 14th St Cody, WY 82414", ppotter@walkingstar.com
WY, T J Specialties , "2044 Fairview Ave Casper, WY 82601", carole@tjspecialtiesinc.com, info@tjspecialtiesinc.com
WY, Marquis Awards , "108 N Bent St Powell, WY 82435", sales@lmgillwelding.com
WY, Blue Sky Marketing , " Cheyenne, WY 82001"
WY, Pony X-Press Printing Center , "211 E 19th St Cheyenne, WY 82001", joe@ponyx-press.com, peggy@ponyx-press.com, burgess@ponyx-press.com
WY, Finegan -Thompson Advertising , "767 Cache Creek Dr Jackson, WY 83001"
WY, Wordsworth , "1285 Sheridan Ave Ste 275 Cody, WY 82414"
WY, M Williams Marketing , "1735 Sheridan Ave Cody, WY 82414"
WY, Optimum Advertising Sales , "145 E Snow King Ave Jackson, WY 83001"
WY, ABCs Of Advertising , " Cheyenne, WY 82009"
WY, Axcess Advertising Service's , "301 Thelma Dr # 196 Casper, WY 82609", sales@axcessadvertising.com
WY, Portis Group , "1110 Maple Way Jackson, WY 83001"
WY, Kruger Land Consulting , "37 Musser Rd Cody, WY 82414", jkrugerland@yahoo.com
WY, Sharps Cnsulting Mediation Svc , "143 Fish Hatchery Rd Banner, WY 82832"
WY, Short Dog Design , "Po Box 611 Jackson, WY 83001"
WY, Kanengieter Consulting Group , "340 Popo Agie St Lander, WY 82520"
WY, Circus Cowboy Co , "179 Kumor Rd Buffalo, WY 82834"
WY, Western Management Svc , "711 Vandehei Ave Cheyenne, WY 82009"
WY, Art Companies , "800 Werner Ct Casper, WY 82601"
WY, Peak Promotions , "3904 Moore Ave Cheyenne, WY 82001"
WY, Kemper-Odell & Assoc , "50 E Loucks St Ste 212 Sheridan, WY 82801", vicki@kemperodell.com
WY, Kelly Rizley-Kr Advertising & Pr Inc , "508 E 18th St Cheyenne, WY 82001"
WY, The Heart Mountain Rustler , "3101 Big Horn Ave Cody, WY 82414"
WY, Suzi's Trophies & Awards , "4521 University Rd Gillette, WY 82718", myrtlewoodshop1@yahoo.com
WY, Wyoming Press Assn , "2121 Evans Ave Cheyenne, WY 82001", wyopress@wyopress.org
WY, Open Creative , "125 N Cache St Jackson, WY 83001", create@openjh.com
WY, Leap 4 Creations , "902 Brownfield Rd Douglas, WY 82633"
WY, Print Link Ad-Specialties , "520 Wilkes Dr Green River, WY 82935"
WY, Cody Enterprise , "3101 Big Horn Ave Cody, WY 82414", office@codyenterprise.com
WY, Anybody's Auto's & House Hunter , "201 W Lakeway Rd Gillette, WY 82718", anybodysautos@vcn.com
WY, Pure Brand Communications , "200 E 8th Ave Ste 203 Cheyenne, WY 82001"
WY, High Plains Distributing , "3420 E Lincolnway Cheyenne, WY 82001"
WY, Lybelle Creations , "1826 Mesa Trl S Cheyenne, WY 82009", info@lybellecreations.com
WY, Unicover Corp , "1 Unicover Ctr Cheyenne, WY 82008", keppich@unicover.com
WY, Laramie Screen Printing , "463 W Garfield St Laramie, WY 82072"
WY, JepWeb Services , "1903 S Greeley Hwy # 155 Cheyenne, WY 82007"
WY, Jinee Global Marketing , "1111 E Lincolnway Ste 211 Cheyenne, WY 82001"
WY, Country Bounty , "303 S Main St Sheridan, WY 82801", claire@sheridanclt.org
WY, Advertiser , "417 E Main St Riverton, WY 82501"
WY, Next Step Design Solutions , "808 E A St Casper, WY 82601"
WY, Ray Lansing Advertising , "7217 Hawthorne Dr Cheyenne, WY 82009"
WY, Cheyenne Frontier Days Old West Museum , "4610 N Carey Ave Cheyenne, WY 82001", media.requests@cfdrodeo.com
WY, Two Bits Marketing , " Cheyenne, WY 82009"
WY, Red Slope Associates Inc , "2475 Fish Creek Rd Wilson, WY 83014"
WY, Rocky Mountain Marketing , "1120 Maple Way Jackson, WY 83001", rmms@marketingrm.com
WY, Shirleys Marketing , "621 Ridgeland St Cheyenne, WY 82009"
WY, Reiser Inc , "Po Box 6094 Laramie, WY 82073"
WY, Best Vacations , "1410 Gregory Ln Jackson, WY 83001", jtibbitt@wyoming.com
WY, Life Net Inc , "214 4th St Rawlins, WY 82301"
WY, Save Historic Jackson Hole , "610 W Broadway Ave Jackson, WY 83001", info@jhmarketplace.com, christy@theholesmile.com
WY, 96.7 Wyoming's Hottest Hits , "302 S 2nd St Ste 204 Laramie, WY 82070", iMixWyoming@Gmail.Com
WY, Kgwy , "2810 Southern Dr Gillette, WY 82718"
WY, Harry Horn Promotional Products , "1237 Crown Point Way Rock Springs, WY 82901"
WY, Alternative Board , "928 Brittany Dr Cheyenne, WY 82009"
WY, Tidbits , "1102 Crescent Dr Cheyenne, WY 82007"
WY, Wyoming Marketing , "1841 E 12th St Casper, WY 82601"
WY, Action Ads Inc , "1807 Capitol Ave Ste 100 Cheyenne, WY 82001"
WY, Sheridan Media , "Po Box 5086 Sheridan, WY 82801"
WY, Kstf , "2923 E Lincolnway Cheyenne, WY 82001"
WY, Kycs , "40 Shoshone Ave Green River, WY 82935"
WY, Pacer Energy Marketing , "4000 Central Ave Cheyenne, WY 82001"
WY, Portis Group , "1160 Alpine Ln Jackson, WY 83001"
WY, Best Vacations , "35 E Snow King Ave Jackson, WY 83001"
WY, Bennett Advertising , "201 W Lakeway Rd Gillette, WY 82718"
WY, Adbay.Com , "234 S David St Casper, WY 82601", shawn@adbay.com
WY, Circ Inc , "215 N Millward St Jackson, WY 83001", info@circ.biz
WY, Par 5 Promotions , "2287 Silver Tip Dr Cheyenne, WY 82009"
WY, Semarketing Innovation , "2435 King Blvd Casper, WY 82604", cs@semarketinginnovation.com
WY, Brent Williams Co , "2829 Commercial Way Unit 2444 Rock Springs, WY 82902"
WY, The Business Center , "800 Coffeen Ave Ste B Sheridan, WY 82801"
WY, Lamar Advertising , "1475 Foothill Blvd Rock Springs, WY 82901"
WY, Pacer Energy Marketing , "2232 Dell Range Blvd Ste 300 Cheyenne, WY 82009"
WY, Portis Group , "960 Alpine Ln Jackson, WY 83001"
WY, Flood Marketing , "811 N Main St Sheridan, WY 82801", marketing@floodsocial.com
WY, Gene Davis Distributing , "1206 10th St Wheatland, WY 82201"
WY, JollyGood! Studio , "1600 W 25th st Casper, WY 82604"
WY, Northwest Distributing Inc , "2161 Coffeen Ave Sheridan, WY 82801"
WY, Stratford Group , "3485 N Pines Way Ste 110 Wilson, WY 83014"
WY, Pure Brand Communications , "1815 Evans Ave Cheyenne, WY 82001"
WY, Xyster.net , "1712 Pioneer Ave Cheyenne, WY 82001"
WY, Cardwell Distributing Co , "Admiral Nimitz Dr Evanston, WY 82930"
WY, Mountain Realm, Inc. , " Cheyenne, WY 82001"
WY, Adbay.Com , "627 W Yellowstone Hwy Casper, WY 82601", sales@adbay.com
WY, Backbone Media - CLOSED , "320 S Jackson St Jackson, WY 83001"
WY, Secret Developers Inc. , "1603 Capitol Ave Ste A26 Cheyenne, WY 82001", cs@secretdevelopers.com
WY, Open Creative , "270 Veronica Ln Jackson, WY 83001"
WY, Intelligent Decission , "12 Pioneer Ave Suite 1882 Cheyenne, WY 82001", robert@intelligentwebs.net
WY, UseClix.com LLC , "1903 Rayor Ave Cheyenne, WY 82001"
WY, Dex Media , "1920 Cornwall St Casper, WY 82609"
WY, Buyers Guide , "1826 Sheridan Ave Cody, WY 82414", ads@minipaper.com
WY, Hungry Shark Media , "1621 Central Ave Cheyenne, WY 82001", media@hungrysharkmedia.com
WY, Pooserrealtor.com , "4505 E Grouse Dr Jackson, WY 83001"
WY, Tmbr , "125 Scott Ln Jackson, WY 83001"
WY, Wordsworth , "2302 Sheridan Ave Cody, WY 82414"
WY, Deals In Jackson Hole , "140 E Broadway Ave Suite 25 Jackson, WY 83001", info@dealsinjacksonhole.com
WY, Creative Concepts Group , "30 N Gould St Sheridan, WY 82801"
WY, Aspire Interactive LLC , "109 E 17th St Ste 80 Cheyenne, WY 82001"
WY, Westest , "313 Lexington Ave Cheyenne, WY 82007"
WY, Kelly Rizley Advertising , "3001 Henderson Dr Cheyenne, WY 82001"
WY, WebPros Media , "1013 E Boxelder Rd Suite 217 Gillette, WY 82718", info@webprosmedia.com
WY, Buyphoneapps.com , "46 Iron Horse Dr Alpine, WY 83128"
WY, Visibility Partners , "355 W Deloney Ave Jackson, WY 83001"
WY, Morrison Creative Co , "1625 Cedar View Dr Cody, WY 82414"
WY, Wyoming.com , "43 S Sublette Ave Pinedale, WY 82941"
WY, Battle Mountain Solutions , "211 1st St Saratoga, WY 82331"
WY, Best Vacations , "165 Moose St Jackson, WY 83001"
WY, Frontier Marketing , "4610 Carey Ave Cheyenne, WY 82001"
WY, Desert Moon , "1712 Pioneer Ave Cheyenne, WY 82001"
WY, Keva , "568 Almy Road 105 Evanston, WY 82930"
WY, Focus Productions INC , "3375 J-w Dr # 102 Jackson, WY 83001"
WY, Bridger Valley Pioneer , "317 State Highway 414 # 2 Lyman, WY 82937"
WY, Spectrum Reach , "2617 E Lincolnway Ste E Cheyenne, WY 82001"
WY, Spectrum Reach , "111 West 2nd Street Casper, WY 82601"
WY, Spectrum Reach , "145 E Snow King Ave Jackson, WY 83001"
WY, Conklin Custom Products , "14 Warbonnet Dr Banner, WY 82832"
WY, Mccormick Marketing , "263 N 8th St Lander, WY 82520", info@wyomingeda.org
WY, Ball Advertising Group Inc , "355 N Lincoln St Casper, WY 82601", admin@balladv.com
WY, The Pin Co , "3603 S Coffman Ave Casper, WY 82604", info@tompkins.uk.com
WY, Merback Award Company , "778 Cy Ave Casper, WY 82601", merbackawards@gmail.com, merbackawards@merbackawardco.com
WY, Nezzdog Designs , "1418 Vista Dr Star Valley Ranch, WY 83127", designs@nezzdog.com
WY, Burgess Design Group , "1407 Emerson St Sheridan, WY 82801"
WY, Kimx Mix , "1 Bench Heart Dr Laramie, WY 82070"
WY, Wyoming Tribune-Eagle , "702 W Lincolnway Cheyenne, WY 82001", bmartin@wyomingnews.com, dionner@wyomingnews.com, lashayh@wyomingnews.com, reckhardt@wyomingnews.com, scott@wyomingnews.com, webdesign@wyomingnews.com, cdorr@wyomingnews.com
WY, Lamar Advertising Co , "504 State Highway 430 Rock Springs, WY 82901"
WY, Brown And Gold Outlet , "1802 Dell Range Blvd Ste 6 Cheyenne, WY 82009"
